date,ticker,close,high,low,open
2016-06-30 00:00:00+00:00,gbpusd,1.3429,1.3429,1.3429,1.3429
2016-07-01 00:00:00+00:00,gbpusd,1.327,1.327,1.327,1.327
2016-07-04 00:00:00+00:00,gbpusd,1.3287,1.3287,1.3287,1.3287
2016-07-05 00:00:00+00:00,gbpusd,1.3048,1.3048,1.3048,1.3048
2016-07-06 00:00:00+00:00,gbpusd,1.2885,1.2885,1.2885,1.2885
2016-07-07 00:00:00+00:00,gbpusd,1.2932,1.2932,1.2932,1.2932
2016-07-08 00:00:00+00:00,gbpusd,1.296,1.296,1.296,1.296
2016-07-11 00:00:00+00:00,gbpusd,1.2987,1.2987,1.2987,1.2987
2016-07-12 00:00:00+00:00,gbpusd,1.3186,1.3186,1.3186,1.3186
2016-07-13 00:00:00+00:00,gbpusd,1.3215,1.3215,1.3215,1.3215
2016-07-14 00:00:00+00:00,gbpusd,1.3323,1.3323,1.3323,1.3323
2016-07-15 00:00:00+00:00,gbpusd,1.3231,1.3231,1.3231,1.3231
2016-07-18 00:00:00+00:00,gbpusd,1.3286,1.3286,1.3286,1.3286
2016-07-19 00:00:00+00:00,gbpusd,1.3136,1.3136,1.3136,1.3136
2016-07-20 00:00:00+00:00,gbpusd,1.3175,1.3175,1.3175,1.3175
2016-07-21 00:00:00+00:00,gbpusd,1.3211,1.3211,1.3211,1.3211
2016-07-22 00:00:00+00:00,gbpusd,1.3085,1.3085,1.3085,1.3085
2016-07-25 00:00:00+00:00,gbpusd,1.3122,1.3122,1.3122,1.3122
2016-07-26 00:00:00+00:00,gbpusd,1.3116,1.3116,1.3116,1.3116
2016-07-27 00:00:00+00:00,gbpusd,1.3114,1.3114,1.3114,1.3114
2016-07-28 00:00:00+00:00,gbpusd,1.312,1.312,1.312,1.312
2016-07-29 00:00:00+00:00,gbpusd,1.3267,1.3267,1.3267,1.3267
2016-08-01 00:00:00+00:00,gbpusd,1.3206,1.3206,1.3206,1.3206
2016-08-02 00:00:00+00:00,gbpusd,1.3306,1.3306,1.3306,1.3306
2016-08-03 00:00:00+00:00,gbpusd,1.3322,1.3322,1.3322,1.3322
2016-08-04 00:00:00+00:00,gbpusd,1.3128,1.3128,1.3128,1.3128
2016-08-05 00:00:00+00:00,gbpusd,1.3059,1.3059,1.3059,1.3059
2016-08-08 00:00:00+00:00,gbpusd,1.3038,1.3038,1.3038,1.3038
2016-08-09 00:00:00+00:00,gbpusd,1.2992,1.2992,1.2992,1.2992
2016-08-10 00:00:00+00:00,gbpusd,1.3014,1.3014,1.3014,1.3014
2016-08-11 00:00:00+00:00,gbpusd,1.2966,1.2966,1.2966,1.2966
2016-08-12 00:00:00+00:00,gbpusd,1.2935,1.2935,1.2935,1.2935
2016-08-15 00:00:00+00:00,gbpusd,1.2875,1.2875,1.2875,1.2875
2016-08-16 00:00:00+00:00,gbpusd,1.2967,1.2967,1.2967,1.2967
2016-08-17 00:00:00+00:00,gbpusd,1.3009,1.3009,1.3009,1.3009
2016-08-18 00:00:00+00:00,gbpusd,1.3162,1.3162,1.3162,1.3162
2016-08-19 00:00:00+00:00,gbpusd,1.3056,1.3056,1.3056,1.3056
2016-08-22 00:00:00+00:00,gbpusd,1.3146,1.3146,1.3146,1.3146
2016-08-23 00:00:00+00:00,gbpusd,1.3186,1.3186,1.3186,1.3186
2016-08-24 00:00:00+00:00,gbpusd,1.325,1.325,1.325,1.325
2016-08-25 00:00:00+00:00,gbpusd,1.3189,1.3189,1.3189,1.3189
2016-08-26 00:00:00+00:00,gbpusd,1.32,1.32,1.32,1.32
2016-08-30 00:00:00+00:00,gbpusd,1.3096,1.3096,1.3096,1.3096
2016-08-31 00:00:00+00:00,gbpusd,1.3099,1.3099,1.3099,1.3099
2016-09-01 00:00:00+00:00,gbpusd,1.3299,1.3299,1.3299,1.3299
2016-09-02 00:00:00+00:00,gbpusd,1.3309,1.3309,1.3309,1.3309
2016-09-05 00:00:00+00:00,gbpusd,1.3293,1.3293,1.3293,1.3293
2016-09-06 00:00:00+00:00,gbpusd,1.343,1.343,1.343,1.343
2016-09-07 00:00:00+00:00,gbpusd,1.334,1.334,1.334,1.334
2016-09-08 00:00:00+00:00,gbpusd,1.3316,1.3316,1.3316,1.3316
2016-09-09 00:00:00+00:00,gbpusd,1.3259,1.3259,1.3259,1.3259
2016-09-12 00:00:00+00:00,gbpusd,1.3303,1.3303,1.3303,1.3303
2016-09-13 00:00:00+00:00,gbpusd,1.3181,1.3181,1.3181,1.3181
2016-09-14 00:00:00+00:00,gbpusd,1.3176,1.3176,1.3176,1.3176
2016-09-15 00:00:00+00:00,gbpusd,1.3192,1.3192,1.3192,1.3192
2016-09-16 00:00:00+00:00,gbpusd,1.3079,1.3079,1.3079,1.3079
2016-09-19 00:00:00+00:00,gbpusd,1.3061,1.3061,1.3061,1.3061
2016-09-20 00:00:00+00:00,gbpusd,1.2949,1.2949,1.2949,1.2949
2016-09-21 00:00:00+00:00,gbpusd,1.2958,1.2958,1.2958,1.2958
2016-09-22 00:00:00+00:00,gbpusd,1.3094,1.3094,1.3094,1.3094
2016-09-23 00:00:00+00:00,gbpusd,1.296,1.296,1.296,1.296
2016-09-26 00:00:00+00:00,gbpusd,1.2976,1.2976,1.2976,1.2976
2016-09-27 00:00:00+00:00,gbpusd,1.2987,1.2987,1.2987,1.2987
2016-09-28 00:00:00+00:00,gbpusd,1.299,1.299,1.299,1.299
2016-09-29 00:00:00+00:00,gbpusd,1.2982,1.2982,1.2982,1.2982
2016-09-30 00:00:00+00:00,gbpusd,1.2991,1.2991,1.2991,1.2991
2016-10-03 00:00:00+00:00,gbpusd,1.2834,1.2834,1.2834,1.2834
2016-10-04 00:00:00+00:00,gbpusd,1.2754,1.2754,1.2754,1.2754
2016-10-05 00:00:00+00:00,gbpusd,1.2742,1.2742,1.2742,1.2742
2016-10-06 00:00:00+00:00,gbpusd,1.2646,1.2646,1.2646,1.2646
2016-10-07 00:00:00+00:00,gbpusd,1.2465,1.2465,1.2465,1.2465
2016-10-10 00:00:00+00:00,gbpusd,1.2377,1.2377,1.2377,1.2377
2016-10-11 00:00:00+00:00,gbpusd,1.2227,1.2227,1.2227,1.2227
2016-10-12 00:00:00+00:00,gbpusd,1.2183,1.2183,1.2183,1.2183
2016-10-13 00:00:00+00:00,gbpusd,1.2193,1.2193,1.2193,1.2193
2016-10-14 00:00:00+00:00,gbpusd,1.2195,1.2195,1.2195,1.2195
2016-10-17 00:00:00+00:00,gbpusd,1.2155,1.2155,1.2155,1.2155
2016-10-18 00:00:00+00:00,gbpusd,1.2302,1.2302,1.2302,1.2302
2016-10-19 00:00:00+00:00,gbpusd,1.2288,1.2288,1.2288,1.2288
2016-10-20 00:00:00+00:00,gbpusd,1.2244,1.2244,1.2244,1.2244
2016-10-21 00:00:00+00:00,gbpusd,1.2195,1.2195,1.2195,1.2195
2016-10-24 00:00:00+00:00,gbpusd,1.2205,1.2205,1.2205,1.2205
2016-10-25 00:00:00+00:00,gbpusd,1.2133,1.2133,1.2133,1.2133
2016-10-26 00:00:00+00:00,gbpusd,1.2239,1.2239,1.2239,1.2239
2016-10-27 00:00:00+00:00,gbpusd,1.2179,1.2179,1.2179,1.2179
2016-10-28 00:00:00+00:00,gbpusd,1.2145,1.2145,1.2145,1.2145
2016-10-31 00:00:00+00:00,gbpusd,1.2214,1.2214,1.2214,1.2214
2016-11-01 00:00:00+00:00,gbpusd,1.222,1.222,1.222,1.222
2016-11-02 00:00:00+00:00,gbpusd,1.2315,1.2315,1.2315,1.2315
2016-11-03 00:00:00+00:00,gbpusd,1.2455,1.2455,1.2455,1.2455
2016-11-04 00:00:00+00:00,gbpusd,1.2545,1.2545,1.2545,1.2545
2016-11-07 00:00:00+00:00,gbpusd,1.2393,1.2393,1.2393,1.2393
2016-11-08 00:00:00+00:00,gbpusd,1.2407,1.2407,1.2407,1.2407
2016-11-09 00:00:00+00:00,gbpusd,1.2444,1.2444,1.2444,1.2444
2016-11-10 00:00:00+00:00,gbpusd,1.2486,1.2486,1.2486,1.2486
2016-11-11 00:00:00+00:00,gbpusd,1.2579,1.2579,1.2579,1.2579
2016-11-14 00:00:00+00:00,gbpusd,1.2453,1.2453,1.2453,1.2453
2016-11-15 00:00:00+00:00,gbpusd,1.2384,1.2384,1.2384,1.2384
2016-11-16 00:00:00+00:00,gbpusd,1.2423,1.2423,1.2423,1.2423
2016-11-17 00:00:00+00:00,gbpusd,1.2437,1.2437,1.2437,1.2437
2016-11-18 00:00:00+00:00,gbpusd,1.2312,1.2312,1.2312,1.2312
2016-11-21 00:00:00+00:00,gbpusd,1.2474,1.2474,1.2474,1.2474
2016-11-22 00:00:00+00:00,gbpusd,1.2422,1.2422,1.2422,1.2422
2016-11-23 00:00:00+00:00,gbpusd,1.2399,1.2399,1.2399,1.2399
2016-11-24 00:00:00+00:00,gbpusd,1.2464,1.2464,1.2464,1.2464
2016-11-25 00:00:00+00:00,gbpusd,1.2453,1.2453,1.2453,1.2453
2016-11-28 00:00:00+00:00,gbpusd,1.2412,1.2412,1.2412,1.2412
2016-11-29 00:00:00+00:00,gbpusd,1.2507,1.2507,1.2507,1.2507
2016-11-30 00:00:00+00:00,gbpusd,1.2497,1.2497,1.2497,1.2497
2016-12-01 00:00:00+00:00,gbpusd,1.2622,1.2622,1.2622,1.2622
2016-12-02 00:00:00+00:00,gbpusd,1.2658,1.2658,1.2658,1.2658
2016-12-05 00:00:00+00:00,gbpusd,1.2707,1.2707,1.2707,1.2707
2016-12-06 00:00:00+00:00,gbpusd,1.2712,1.2712,1.2712,1.2712
2016-12-07 00:00:00+00:00,gbpusd,1.2609,1.2609,1.2609,1.2609
2016-12-08 00:00:00+00:00,gbpusd,1.2555,1.2555,1.2555,1.2555
2016-12-09 00:00:00+00:00,gbpusd,1.2564,1.2564,1.2564,1.2564
2016-12-12 00:00:00+00:00,gbpusd,1.2669,1.2669,1.2669,1.2669
2016-12-13 00:00:00+00:00,gbpusd,1.2684,1.2684,1.2684,1.2684
2016-12-14 00:00:00+00:00,gbpusd,1.2701,1.2701,1.2701,1.2701
2016-12-15 00:00:00+00:00,gbpusd,1.2409,1.2409,1.2409,1.2409
2016-12-16 00:00:00+00:00,gbpusd,1.2434,1.2434,1.2434,1.2434
2016-12-19 00:00:00+00:00,gbpusd,1.2392,1.2392,1.2392,1.2392
2016-12-20 00:00:00+00:00,gbpusd,1.2353,1.2353,1.2353,1.2353
2016-12-21 00:00:00+00:00,gbpusd,1.2376,1.2376,1.2376,1.2376
2016-12-22 00:00:00+00:00,gbpusd,1.2298,1.2298,1.2298,1.2298
2016-12-23 00:00:00+00:00,gbpusd,1.2256,1.2256,1.2256,1.2256
2016-12-28 00:00:00+00:00,gbpusd,1.2227,1.2227,1.2227,1.2227
2016-12-29 00:00:00+00:00,gbpusd,1.2226,1.2226,1.2226,1.2226
2016-12-30 00:00:00+00:00,gbpusd,1.2303,1.2303,1.2303,1.2303
2017-01-03 00:00:00+00:00,gbpusd,1.224,1.224,1.224,1.224
2017-01-04 00:00:00+00:00,gbpusd,1.2296,1.2296,1.2296,1.2296
2017-01-05 00:00:00+00:00,gbpusd,1.2425,1.2425,1.2425,1.2425
2017-01-06 00:00:00+00:00,gbpusd,1.2318,1.2318,1.2318,1.2318
2017-01-09 00:00:00+00:00,gbpusd,1.2147,1.2147,1.2147,1.2147
2017-01-10 00:00:00+00:00,gbpusd,1.2184,1.2184,1.2184,1.2184
2017-01-11 00:00:00+00:00,gbpusd,1.2071,1.2071,1.2071,1.2071
2017-01-12 00:00:00+00:00,gbpusd,1.2219,1.2219,1.2219,1.2219
2017-01-13 00:00:00+00:00,gbpusd,1.2184,1.2184,1.2184,1.2184
2017-01-16 00:00:00+00:00,gbpusd,1.2065,1.2065,1.2065,1.2065
2017-01-17 00:00:00+00:00,gbpusd,1.2385,1.2385,1.2385,1.2385
2017-01-18 00:00:00+00:00,gbpusd,1.2345,1.2345,1.2345,1.2345
2017-01-19 00:00:00+00:00,gbpusd,1.2304,1.2304,1.2304,1.2304
2017-01-20 00:00:00+00:00,gbpusd,1.2323,1.2323,1.2323,1.2323
2017-01-23 00:00:00+00:00,gbpusd,1.2495,1.2495,1.2495,1.2495
2017-01-24 00:00:00+00:00,gbpusd,1.2513,1.2513,1.2513,1.2513
2017-01-25 00:00:00+00:00,gbpusd,1.2605,1.2605,1.2605,1.2605
2017-01-26 00:00:00+00:00,gbpusd,1.2589,1.2589,1.2589,1.2589
2017-01-27 00:00:00+00:00,gbpusd,1.2553,1.2553,1.2553,1.2553
2017-01-30 00:00:00+00:00,gbpusd,1.2515,1.2515,1.2515,1.2515
2017-01-31 00:00:00+00:00,gbpusd,1.2589,1.2589,1.2589,1.2589
2017-02-01 00:00:00+00:00,gbpusd,1.2647,1.2647,1.2647,1.2647
2017-02-02 00:00:00+00:00,gbpusd,1.253,1.253,1.253,1.253
2017-02-03 00:00:00+00:00,gbpusd,1.2505,1.2505,1.2505,1.2505
2017-02-06 00:00:00+00:00,gbpusd,1.2444,1.2444,1.2444,1.2444
2017-02-07 00:00:00+00:00,gbpusd,1.2429,1.2429,1.2429,1.2429
2017-02-08 00:00:00+00:00,gbpusd,1.2533,1.2533,1.2533,1.2533
2017-02-09 00:00:00+00:00,gbpusd,1.2528,1.2528,1.2528,1.2528
2017-02-10 00:00:00+00:00,gbpusd,1.2482,1.2482,1.2482,1.2482
2017-02-13 00:00:00+00:00,gbpusd,1.2503,1.2503,1.2503,1.2503
2017-02-14 00:00:00+00:00,gbpusd,1.2463,1.2463,1.2463,1.2463
2017-02-15 00:00:00+00:00,gbpusd,1.2447,1.2447,1.2447,1.2447
2017-02-16 00:00:00+00:00,gbpusd,1.25,1.25,1.25,1.25
2017-02-17 00:00:00+00:00,gbpusd,1.2432,1.2432,1.2432,1.2432
2017-02-20 00:00:00+00:00,gbpusd,1.2473,1.2473,1.2473,1.2473
2017-02-21 00:00:00+00:00,gbpusd,1.2468,1.2468,1.2468,1.2468
2017-02-22 00:00:00+00:00,gbpusd,1.2458,1.2458,1.2458,1.2458
2017-02-23 00:00:00+00:00,gbpusd,1.2548,1.2548,1.2548,1.2548
2017-02-24 00:00:00+00:00,gbpusd,1.2489,1.2489,1.2489,1.2489
2017-02-27 00:00:00+00:00,gbpusd,1.247,1.247,1.247,1.247
2017-02-28 00:00:00+00:00,gbpusd,1.2445,1.2445,1.2445,1.2445
2017-03-01 00:00:00+00:00,gbpusd,1.2317,1.2317,1.2317,1.2317
2017-03-02 00:00:00+00:00,gbpusd,1.2285,1.2285,1.2285,1.2285
2017-03-03 00:00:00+00:00,gbpusd,1.2261,1.2261,1.2261,1.2261
2017-03-06 00:00:00+00:00,gbpusd,1.2255,1.2255,1.2255,1.2255
2017-03-07 00:00:00+00:00,gbpusd,1.2194,1.2194,1.2194,1.2194
2017-03-08 00:00:00+00:00,gbpusd,1.2168,1.2168,1.2168,1.2168
2017-03-09 00:00:00+00:00,gbpusd,1.215,1.215,1.215,1.215
2017-03-10 00:00:00+00:00,gbpusd,1.2167,1.2167,1.2167,1.2167
2017-03-13 00:00:00+00:00,gbpusd,1.2234,1.2234,1.2234,1.2234
2017-03-14 00:00:00+00:00,gbpusd,1.2167,1.2167,1.2167,1.2167
2017-03-15 00:00:00+00:00,gbpusd,1.2222,1.2222,1.2222,1.2222
2017-03-16 00:00:00+00:00,gbpusd,1.2368,1.2368,1.2368,1.2368
2017-03-17 00:00:00+00:00,gbpusd,1.2371,1.2371,1.2371,1.2371
2017-03-20 00:00:00+00:00,gbpusd,1.2366,1.2366,1.2366,1.2366
2017-03-21 00:00:00+00:00,gbpusd,1.2479,1.2479,1.2479,1.2479
2017-03-22 00:00:00+00:00,gbpusd,1.2476,1.2476,1.2476,1.2476
2017-03-23 00:00:00+00:00,gbpusd,1.2526,1.2526,1.2526,1.2526
2017-03-24 00:00:00+00:00,gbpusd,1.249,1.249,1.249,1.249
2017-03-27 00:00:00+00:00,gbpusd,1.257,1.257,1.257,1.257
2017-03-28 00:00:00+00:00,gbpusd,1.2536,1.2536,1.2536,1.2536
2017-03-29 00:00:00+00:00,gbpusd,1.2411,1.2411,1.2411,1.2411
2017-03-30 00:00:00+00:00,gbpusd,1.2489,1.2489,1.2489,1.2489
2017-03-31 00:00:00+00:00,gbpusd,1.2507,1.2507,1.2507,1.2507
2017-04-03 00:00:00+00:00,gbpusd,1.2483,1.2483,1.2483,1.2483
2017-04-04 00:00:00+00:00,gbpusd,1.2448,1.2448,1.2448,1.2448
2017-04-05 00:00:00+00:00,gbpusd,1.2477,1.2477,1.2477,1.2477
2017-04-06 00:00:00+00:00,gbpusd,1.2495,1.2495,1.2495,1.2495
2017-04-07 00:00:00+00:00,gbpusd,1.2392,1.2392,1.2392,1.2392
2017-04-10 00:00:00+00:00,gbpusd,1.2426,1.2426,1.2426,1.2426
2017-04-11 00:00:00+00:00,gbpusd,1.2489,1.2489,1.2489,1.2489
2017-04-12 00:00:00+00:00,gbpusd,1.251,1.251,1.251,1.251
2017-04-13 00:00:00+00:00,gbpusd,1.2517,1.2517,1.2517,1.2517
2017-04-18 00:00:00+00:00,gbpusd,1.2765,1.2765,1.2765,1.2765
2017-04-19 00:00:00+00:00,gbpusd,1.2811,1.2811,1.2811,1.2811
2017-04-20 00:00:00+00:00,gbpusd,1.2841,1.2841,1.2841,1.2841
2017-04-21 00:00:00+00:00,gbpusd,1.2777,1.2777,1.2777,1.2777
2017-04-24 00:00:00+00:00,gbpusd,1.2777,1.2777,1.2777,1.2777
2017-04-25 00:00:00+00:00,gbpusd,1.2829,1.2829,1.2829,1.2829
2017-04-26 00:00:00+00:00,gbpusd,1.2858,1.2858,1.2858,1.2858
2017-04-27 00:00:00+00:00,gbpusd,1.2895,1.2895,1.2895,1.2895
2017-04-28 00:00:00+00:00,gbpusd,1.2938,1.2938,1.2938,1.2938
2017-05-02 00:00:00+00:00,gbpusd,1.292,1.292,1.292,1.292
2017-05-03 00:00:00+00:00,gbpusd,1.2896,1.2896,1.2896,1.2896
2017-05-04 00:00:00+00:00,gbpusd,1.2915,1.2915,1.2915,1.2915
2017-05-05 00:00:00+00:00,gbpusd,1.2958,1.2958,1.2958,1.2958
2017-05-08 00:00:00+00:00,gbpusd,1.2941,1.2941,1.2941,1.2941
2017-05-09 00:00:00+00:00,gbpusd,1.2951,1.2951,1.2951,1.2951
2017-05-10 00:00:00+00:00,gbpusd,1.2949,1.2949,1.2949,1.2949
2017-05-11 00:00:00+00:00,gbpusd,1.2876,1.2876,1.2876,1.2876
2017-05-12 00:00:00+00:00,gbpusd,1.289,1.289,1.289,1.289
2017-05-15 00:00:00+00:00,gbpusd,1.2918,1.2918,1.2918,1.2918
2017-05-16 00:00:00+00:00,gbpusd,1.2918,1.2918,1.2918,1.2918
2017-05-17 00:00:00+00:00,gbpusd,1.2972,1.2972,1.2972,1.2972
2017-05-18 00:00:00+00:00,gbpusd,1.2999,1.2999,1.2999,1.2999
2017-05-19 00:00:00+00:00,gbpusd,1.3026,1.3026,1.3026,1.3026
2017-05-22 00:00:00+00:00,gbpusd,1.3016,1.3016,1.3016,1.3016
2017-05-23 00:00:00+00:00,gbpusd,1.298,1.298,1.298,1.298
2017-05-24 00:00:00+00:00,gbpusd,1.295,1.295,1.295,1.295
2017-05-25 00:00:00+00:00,gbpusd,1.2947,1.2947,1.2947,1.2947
2017-05-26 00:00:00+00:00,gbpusd,1.2791,1.2791,1.2791,1.2791
2017-05-30 00:00:00+00:00,gbpusd,1.2862,1.2862,1.2862,1.2862
2017-05-31 00:00:00+00:00,gbpusd,1.2912,1.2912,1.2912,1.2912
2017-06-01 00:00:00+00:00,gbpusd,1.2903,1.2903,1.2903,1.2903
2017-06-02 00:00:00+00:00,gbpusd,1.2882,1.2882,1.2882,1.2882
2017-06-05 00:00:00+00:00,gbpusd,1.293,1.293,1.293,1.293
2017-06-06 00:00:00+00:00,gbpusd,1.2895,1.2895,1.2895,1.2895
2017-06-07 00:00:00+00:00,gbpusd,1.2959,1.2959,1.2959,1.2959
2017-06-08 00:00:00+00:00,gbpusd,1.2947,1.2947,1.2947,1.2947
2017-06-09 00:00:00+00:00,gbpusd,1.2742,1.2742,1.2742,1.2742
2017-06-12 00:00:00+00:00,gbpusd,1.2673,1.2673,1.2673,1.2673
2017-06-13 00:00:00+00:00,gbpusd,1.273,1.273,1.273,1.273
2017-06-14 00:00:00+00:00,gbpusd,1.2789,1.2789,1.2789,1.2789
2017-06-15 00:00:00+00:00,gbpusd,1.2761,1.2761,1.2761,1.2761
2017-06-16 00:00:00+00:00,gbpusd,1.2801,1.2801,1.2801,1.2801
2017-06-19 00:00:00+00:00,gbpusd,1.2758,1.2758,1.2758,1.2758
2017-06-20 00:00:00+00:00,gbpusd,1.2618,1.2618,1.2618,1.2618
2017-06-21 00:00:00+00:00,gbpusd,1.2664,1.2664,1.2664,1.2664
2017-06-22 00:00:00+00:00,gbpusd,1.2661,1.2661,1.2661,1.2661
2017-06-23 00:00:00+00:00,gbpusd,1.2738,1.2738,1.2738,1.2738
2017-06-26 00:00:00+00:00,gbpusd,1.2738,1.2738,1.2738,1.2738
2017-06-27 00:00:00+00:00,gbpusd,1.2777,1.2777,1.2777,1.2777
2017-06-28 00:00:00+00:00,gbpusd,1.2942,1.2942,1.2942,1.2942
2017-06-29 00:00:00+00:00,gbpusd,1.2995,1.2995,1.2995,1.2995
2017-06-30 00:00:00+00:00,gbpusd,1.299,1.299,1.299,1.299
2017-07-03 00:00:00+00:00,gbpusd,1.2937,1.2937,1.2937,1.2937
2017-07-04 00:00:00+00:00,gbpusd,1.2929,1.2929,1.2929,1.2929
2017-07-05 00:00:00+00:00,gbpusd,1.2925,1.2925,1.2925,1.2925
2017-07-06 00:00:00+00:00,gbpusd,1.2947,1.2947,1.2947,1.2947
2017-07-07 00:00:00+00:00,gbpusd,1.288,1.288,1.288,1.288
2017-07-10 00:00:00+00:00,gbpusd,1.2862,1.2862,1.2862,1.2862
2017-07-11 00:00:00+00:00,gbpusd,1.2844,1.2844,1.2844,1.2844
2017-07-12 00:00:00+00:00,gbpusd,1.289,1.289,1.289,1.289
2017-07-13 00:00:00+00:00,gbpusd,1.2933,1.2933,1.2933,1.2933
2017-07-14 00:00:00+00:00,gbpusd,1.3086,1.3086,1.3086,1.3086
2017-07-17 00:00:00+00:00,gbpusd,1.3066,1.3066,1.3066,1.3066
2017-07-18 00:00:00+00:00,gbpusd,1.3018,1.3018,1.3018,1.3018
2017-07-19 00:00:00+00:00,gbpusd,1.3043,1.3043,1.3043,1.3043
2017-07-20 00:00:00+00:00,gbpusd,1.2989,1.2989,1.2989,1.2989
2017-07-21 00:00:00+00:00,gbpusd,1.299,1.299,1.299,1.299
2017-07-24 00:00:00+00:00,gbpusd,1.3047,1.3047,1.3047,1.3047
2017-07-25 00:00:00+00:00,gbpusd,1.305,1.305,1.305,1.305
2017-07-26 00:00:00+00:00,gbpusd,1.3056,1.3056,1.3056,1.3056
2017-07-27 00:00:00+00:00,gbpusd,1.3087,1.3087,1.3087,1.3087
2017-07-28 00:00:00+00:00,gbpusd,1.3119,1.3119,1.3119,1.3119
2017-07-31 00:00:00+00:00,gbpusd,1.3183,1.3183,1.3183,1.3183
2017-08-01 00:00:00+00:00,gbpusd,1.3229,1.3229,1.3229,1.3229
2017-08-02 00:00:00+00:00,gbpusd,1.3223,1.3223,1.3223,1.3223
2017-08-03 00:00:00+00:00,gbpusd,1.3144,1.3144,1.3144,1.3144
2017-08-04 00:00:00+00:00,gbpusd,1.3038,1.3038,1.3038,1.3038
2017-08-07 00:00:00+00:00,gbpusd,1.3023,1.3023,1.3023,1.3023
2017-08-08 00:00:00+00:00,gbpusd,1.296,1.296,1.296,1.296
2017-08-09 00:00:00+00:00,gbpusd,1.2993,1.2993,1.2993,1.2993
2017-08-10 00:00:00+00:00,gbpusd,1.299,1.299,1.299,1.299
2017-08-11 00:00:00+00:00,gbpusd,1.2977,1.2977,1.2977,1.2977
2017-08-14 00:00:00+00:00,gbpusd,1.2987,1.2987,1.2987,1.2987
2017-08-15 00:00:00+00:00,gbpusd,1.2854,1.2854,1.2854,1.2854
2017-08-16 00:00:00+00:00,gbpusd,1.2869,1.2869,1.2869,1.2869
2017-08-17 00:00:00+00:00,gbpusd,1.2891,1.2891,1.2891,1.2891
2017-08-18 00:00:00+00:00,gbpusd,1.2857,1.2857,1.2857,1.2857
2017-08-21 00:00:00+00:00,gbpusd,1.2904,1.2904,1.2904,1.2904
2017-08-22 00:00:00+00:00,gbpusd,1.2835,1.2835,1.2835,1.2835
2017-08-23 00:00:00+00:00,gbpusd,1.2796,1.2796,1.2796,1.2796
2017-08-24 00:00:00+00:00,gbpusd,1.2798,1.2798,1.2798,1.2798
2017-08-25 00:00:00+00:00,gbpusd,1.2877,1.2877,1.2877,1.2877
2017-08-29 00:00:00+00:00,gbpusd,1.2952,1.2952,1.2952,1.2952
2017-08-30 00:00:00+00:00,gbpusd,1.292,1.292,1.292,1.292
2017-08-31 00:00:00+00:00,gbpusd,1.2886,1.2886,1.2886,1.2886
2017-09-01 00:00:00+00:00,gbpusd,1.2973,1.2973,1.2973,1.2973
2017-09-04 00:00:00+00:00,gbpusd,1.2957,1.2957,1.2957,1.2957
2017-09-05 00:00:00+00:00,gbpusd,1.3027,1.3027,1.3027,1.3027
2017-09-06 00:00:00+00:00,gbpusd,1.3071,1.3071,1.3071,1.3071
2017-09-07 00:00:00+00:00,gbpusd,1.3112,1.3112,1.3112,1.3112
2017-09-08 00:00:00+00:00,gbpusd,1.3184,1.3184,1.3184,1.3184
2017-09-11 00:00:00+00:00,gbpusd,1.3183,1.3183,1.3183,1.3183
2017-09-12 00:00:00+00:00,gbpusd,1.3263,1.3263,1.3263,1.3263
2017-09-13 00:00:00+00:00,gbpusd,1.323,1.323,1.323,1.323
2017-09-14 00:00:00+00:00,gbpusd,1.335,1.335,1.335,1.335
2017-09-15 00:00:00+00:00,gbpusd,1.3596,1.3596,1.3596,1.3596
2017-09-18 00:00:00+00:00,gbpusd,1.3557,1.3557,1.3557,1.3557
2017-09-19 00:00:00+00:00,gbpusd,1.3523,1.3523,1.3523,1.3523
2017-09-20 00:00:00+00:00,gbpusd,1.3567,1.3567,1.3567,1.3567
2017-09-21 00:00:00+00:00,gbpusd,1.3543,1.3543,1.3543,1.3543
2017-09-22 00:00:00+00:00,gbpusd,1.3527,1.3527,1.3527,1.3527
2017-09-25 00:00:00+00:00,gbpusd,1.3484,1.3484,1.3484,1.3484
2017-09-26 00:00:00+00:00,gbpusd,1.3417,1.3417,1.3417,1.3417
2017-09-27 00:00:00+00:00,gbpusd,1.3386,1.3386,1.3386,1.3386
2017-09-28 00:00:00+00:00,gbpusd,1.3444,1.3444,1.3444,1.3444
2017-09-29 00:00:00+00:00,gbpusd,1.3416,1.3416,1.3416,1.3416
2017-10-02 00:00:00+00:00,gbpusd,1.3276,1.3276,1.3276,1.3276
2017-10-03 00:00:00+00:00,gbpusd,1.3245,1.3245,1.3245,1.3245
2017-10-04 00:00:00+00:00,gbpusd,1.3277,1.3277,1.3277,1.3277
2017-10-05 00:00:00+00:00,gbpusd,1.3139,1.3139,1.3139,1.3139
2017-10-06 00:00:00+00:00,gbpusd,1.3058,1.3058,1.3058,1.3058
2017-10-09 00:00:00+00:00,gbpusd,1.3132,1.3132,1.3132,1.3132
2017-10-10 00:00:00+00:00,gbpusd,1.3219,1.3219,1.3219,1.3219
2017-10-11 00:00:00+00:00,gbpusd,1.3189,1.3189,1.3189,1.3189
2017-10-12 00:00:00+00:00,gbpusd,1.3165,1.3165,1.3165,1.3165
2017-10-13 00:00:00+00:00,gbpusd,1.3305,1.3305,1.3305,1.3305
2017-10-16 00:00:00+00:00,gbpusd,1.3282,1.3282,1.3282,1.3282
2017-10-17 00:00:00+00:00,gbpusd,1.3169,1.3169,1.3169,1.3169
2017-10-18 00:00:00+00:00,gbpusd,1.3171,1.3171,1.3171,1.3171
2017-10-19 00:00:00+00:00,gbpusd,1.3203,1.3203,1.3203,1.3203
2017-10-20 00:00:00+00:00,gbpusd,1.319,1.319,1.319,1.319
2017-10-23 00:00:00+00:00,gbpusd,1.3185,1.3185,1.3185,1.3185
2017-10-24 00:00:00+00:00,gbpusd,1.3119,1.3119,1.3119,1.3119
2017-10-25 00:00:00+00:00,gbpusd,1.3253,1.3253,1.3253,1.3253
2017-10-26 00:00:00+00:00,gbpusd,1.3171,1.3171,1.3171,1.3171
2017-10-27 00:00:00+00:00,gbpusd,1.3112,1.3112,1.3112,1.3112
2017-10-30 00:00:00+00:00,gbpusd,1.3195,1.3195,1.3195,1.3195
2017-10-31 00:00:00+00:00,gbpusd,1.328,1.328,1.328,1.328
2017-11-01 00:00:00+00:00,gbpusd,1.3257,1.3257,1.3257,1.3257
2017-11-02 00:00:00+00:00,gbpusd,1.3068,1.3068,1.3068,1.3068
2017-11-03 00:00:00+00:00,gbpusd,1.3067,1.3067,1.3067,1.3067
2017-11-06 00:00:00+00:00,gbpusd,1.3121,1.3121,1.3121,1.3121
2017-11-07 00:00:00+00:00,gbpusd,1.3141,1.3141,1.3141,1.3141
2017-11-08 00:00:00+00:00,gbpusd,1.31,1.31,1.31,1.31
2017-11-09 00:00:00+00:00,gbpusd,1.3118,1.3118,1.3118,1.3118
2017-11-10 00:00:00+00:00,gbpusd,1.322,1.322,1.322,1.322
2017-11-13 00:00:00+00:00,gbpusd,1.3112,1.3112,1.3112,1.3112
2017-11-14 00:00:00+00:00,gbpusd,1.3118,1.3118,1.3118,1.3118
2017-11-15 00:00:00+00:00,gbpusd,1.3163,1.3163,1.3163,1.3163
2017-11-16 00:00:00+00:00,gbpusd,1.3196,1.3196,1.3196,1.3196
2017-11-17 00:00:00+00:00,gbpusd,1.3207,1.3207,1.3207,1.3207
2017-11-20 00:00:00+00:00,gbpusd,1.3262,1.3262,1.3262,1.3262
2017-11-21 00:00:00+00:00,gbpusd,1.323,1.323,1.323,1.323
2017-11-22 00:00:00+00:00,gbpusd,1.3283,1.3283,1.3283,1.3283
2017-11-23 00:00:00+00:00,gbpusd,1.3297,1.3297,1.3297,1.3297
2017-11-24 00:00:00+00:00,gbpusd,1.3351,1.3351,1.3351,1.3351
2017-11-27 00:00:00+00:00,gbpusd,1.334,1.334,1.334,1.334
2017-11-28 00:00:00+00:00,gbpusd,1.3233,1.3233,1.3233,1.3233
2017-11-29 00:00:00+00:00,gbpusd,1.3412,1.3412,1.3412,1.3412
2017-11-30 00:00:00+00:00,gbpusd,1.353,1.353,1.353,1.353
2017-12-01 00:00:00+00:00,gbpusd,1.349,1.349,1.349,1.349
2017-12-04 00:00:00+00:00,gbpusd,1.3479,1.3479,1.3479,1.3479
2017-12-05 00:00:00+00:00,gbpusd,1.3457,1.3457,1.3457,1.3457
2017-12-06 00:00:00+00:00,gbpusd,1.3382,1.3382,1.3382,1.3382
2017-12-07 00:00:00+00:00,gbpusd,1.3417,1.3417,1.3417,1.3417
2017-12-08 00:00:00+00:00,gbpusd,1.3376,1.3376,1.3376,1.3376
2017-12-11 00:00:00+00:00,gbpusd,1.3362,1.3362,1.3362,1.3362
2017-12-12 00:00:00+00:00,gbpusd,1.3323,1.3323,1.3323,1.3323
2017-12-13 00:00:00+00:00,gbpusd,1.3363,1.3363,1.3363,1.3363
2017-12-14 00:00:00+00:00,gbpusd,1.3424,1.3424,1.3424,1.3424
2017-12-15 00:00:00+00:00,gbpusd,1.3317,1.3317,1.3317,1.3317
2017-12-18 00:00:00+00:00,gbpusd,1.3398,1.3398,1.3398,1.3398
2017-12-19 00:00:00+00:00,gbpusd,1.3349,1.3349,1.3349,1.3349
2017-12-20 00:00:00+00:00,gbpusd,1.3406,1.3406,1.3406,1.3406
2017-12-21 00:00:00+00:00,gbpusd,1.3354,1.3354,1.3354,1.3354
2017-12-22 00:00:00+00:00,gbpusd,1.3387,1.3387,1.3387,1.3387
2017-12-27 00:00:00+00:00,gbpusd,1.3399,1.3399,1.3399,1.3399
2017-12-28 00:00:00+00:00,gbpusd,1.3436,1.3436,1.3436,1.3436
2017-12-29 00:00:00+00:00,gbpusd,1.351,1.351,1.351,1.351
2018-01-02 00:00:00+00:00,gbpusd,1.3579,1.3579,1.3579,1.3579
2018-01-03 00:00:00+00:00,gbpusd,1.3514,1.3514,1.3514,1.3514
2018-01-04 00:00:00+00:00,gbpusd,1.3552,1.3552,1.3552,1.3552
2018-01-05 00:00:00+00:00,gbpusd,1.3563,1.3563,1.3563,1.3563
2018-01-08 00:00:00+00:00,gbpusd,1.3581,1.3581,1.3581,1.3581
2018-01-09 00:00:00+00:00,gbpusd,1.3525,1.3525,1.3525,1.3525
2018-01-10 00:00:00+00:00,gbpusd,1.3533,1.3533,1.3533,1.3533
2018-01-11 00:00:00+00:00,gbpusd,1.3535,1.3535,1.3535,1.3535
2018-01-12 00:00:00+00:00,gbpusd,1.3689,1.3689,1.3689,1.3689
2018-01-15 00:00:00+00:00,gbpusd,1.3802,1.3802,1.3802,1.3802
2018-01-16 00:00:00+00:00,gbpusd,1.3775,1.3775,1.3775,1.3775
2018-01-17 00:00:00+00:00,gbpusd,1.3834,1.3834,1.3834,1.3834
2018-01-18 00:00:00+00:00,gbpusd,1.3882,1.3882,1.3882,1.3882
2018-01-19 00:00:00+00:00,gbpusd,1.3845,1.3845,1.3845,1.3845
2018-01-22 00:00:00+00:00,gbpusd,1.3969,1.3969,1.3969,1.3969
2018-01-23 00:00:00+00:00,gbpusd,1.402,1.402,1.402,1.402
2018-01-24 00:00:00+00:00,gbpusd,1.4222,1.4222,1.4222,1.4222
2018-01-25 00:00:00+00:00,gbpusd,1.4302,1.4302,1.4302,1.4302
2018-01-26 00:00:00+00:00,gbpusd,1.4181,1.4181,1.4181,1.4181
2018-01-29 00:00:00+00:00,gbpusd,1.4063,1.4063,1.4063,1.4063
2018-01-30 00:00:00+00:00,gbpusd,1.4112,1.4112,1.4112,1.4112
2018-01-31 00:00:00+00:00,gbpusd,1.4221,1.4221,1.4221,1.4221
2018-02-01 00:00:00+00:00,gbpusd,1.4237,1.4237,1.4237,1.4237
2018-02-02 00:00:00+00:00,gbpusd,1.4125,1.4125,1.4125,1.4125
2018-02-05 00:00:00+00:00,gbpusd,1.4016,1.4016,1.4016,1.4016
2018-02-06 00:00:00+00:00,gbpusd,1.3908,1.3908,1.3908,1.3908
2018-02-07 00:00:00+00:00,gbpusd,1.3883,1.3883,1.3883,1.3883
2018-02-08 00:00:00+00:00,gbpusd,1.4004,1.4004,1.4004,1.4004
2018-02-09 00:00:00+00:00,gbpusd,1.3806,1.3806,1.3806,1.3806
2018-02-12 00:00:00+00:00,gbpusd,1.3809,1.3809,1.3809,1.3809
2018-02-13 00:00:00+00:00,gbpusd,1.3881,1.3881,1.3881,1.3881
2018-02-14 00:00:00+00:00,gbpusd,1.3961,1.3961,1.3961,1.3961
2018-02-15 00:00:00+00:00,gbpusd,1.4056,1.4056,1.4056,1.4056
2018-02-16 00:00:00+00:00,gbpusd,1.404,1.404,1.404,1.404
2018-02-19 00:00:00+00:00,gbpusd,1.3994,1.3994,1.3994,1.3994
2018-02-20 00:00:00+00:00,gbpusd,1.4005,1.4005,1.4005,1.4005
2018-02-21 00:00:00+00:00,gbpusd,1.3979,1.3979,1.3979,1.3979
2018-02-22 00:00:00+00:00,gbpusd,1.3937,1.3937,1.3937,1.3937
2018-02-23 00:00:00+00:00,gbpusd,1.3971,1.3971,1.3971,1.3971
2018-02-26 00:00:00+00:00,gbpusd,1.3941,1.3941,1.3941,1.3941
2018-02-27 00:00:00+00:00,gbpusd,1.3882,1.3882,1.3882,1.3882
2018-02-28 00:00:00+00:00,gbpusd,1.378,1.378,1.378,1.378
2018-03-01 00:00:00+00:00,gbpusd,1.3725,1.3725,1.3725,1.3725
2018-03-02 00:00:00+00:00,gbpusd,1.3769,1.3769,1.3769,1.3769
2018-03-05 00:00:00+00:00,gbpusd,1.3848,1.3848,1.3848,1.3848
2018-03-06 00:00:00+00:00,gbpusd,1.3883,1.3883,1.3883,1.3883
2018-03-07 00:00:00+00:00,gbpusd,1.3896,1.3896,1.3896,1.3896
2018-03-08 00:00:00+00:00,gbpusd,1.383,1.383,1.383,1.383
2018-03-09 00:00:00+00:00,gbpusd,1.3868,1.3868,1.3868,1.3868
2018-03-12 00:00:00+00:00,gbpusd,1.3898,1.3898,1.3898,1.3898
2018-03-13 00:00:00+00:00,gbpusd,1.3987,1.3987,1.3987,1.3987
2018-03-14 00:00:00+00:00,gbpusd,1.3945,1.3945,1.3945,1.3945
2018-03-15 00:00:00+00:00,gbpusd,1.3947,1.3947,1.3947,1.3947
2018-03-16 00:00:00+00:00,gbpusd,1.3918,1.3918,1.3918,1.3918
2018-03-19 00:00:00+00:00,gbpusd,1.4029,1.4029,1.4029,1.4029
2018-03-20 00:00:00+00:00,gbpusd,1.4011,1.4011,1.4011,1.4011
2018-03-21 00:00:00+00:00,gbpusd,1.4062,1.4062,1.4062,1.4062
2018-03-22 00:00:00+00:00,gbpusd,1.4099,1.4099,1.4099,1.4099
2018-03-23 00:00:00+00:00,gbpusd,1.415,1.415,1.415,1.415
2018-03-26 00:00:00+00:00,gbpusd,1.4223,1.4223,1.4223,1.4223
2018-03-27 00:00:00+00:00,gbpusd,1.4144,1.4144,1.4144,1.4144
2018-03-28 00:00:00+00:00,gbpusd,1.4098,1.4098,1.4098,1.4098
2018-03-29 00:00:00+00:00,gbpusd,1.4033,1.4033,1.4033,1.4033
2018-04-03 00:00:00+00:00,gbpusd,1.4038,1.4038,1.4038,1.4038
2018-04-04 00:00:00+00:00,gbpusd,1.4085,1.4085,1.4085,1.4085
2018-04-05 00:00:00+00:00,gbpusd,1.3999,1.3999,1.3999,1.3999
2018-04-06 00:00:00+00:00,gbpusd,1.4083,1.4083,1.4083,1.4083
2018-04-09 00:00:00+00:00,gbpusd,1.4129,1.4129,1.4129,1.4129
2018-04-10 00:00:00+00:00,gbpusd,1.4173,1.4173,1.4173,1.4173
2018-04-11 00:00:00+00:00,gbpusd,1.4207,1.4207,1.4207,1.4207
2018-04-12 00:00:00+00:00,gbpusd,1.4232,1.4232,1.4232,1.4232
2018-04-13 00:00:00+00:00,gbpusd,1.4247,1.4247,1.4247,1.4247
2018-04-16 00:00:00+00:00,gbpusd,1.4328,1.4328,1.4328,1.4328
2018-04-17 00:00:00+00:00,gbpusd,1.431,1.431,1.431,1.431
2018-04-18 00:00:00+00:00,gbpusd,1.4235,1.4235,1.4235,1.4235
2018-04-19 00:00:00+00:00,gbpusd,1.4221,1.4221,1.4221,1.4221
2018-04-20 00:00:00+00:00,gbpusd,1.4025,1.4025,1.4025,1.4025
2018-04-23 00:00:00+00:00,gbpusd,1.395,1.395,1.395,1.395
2018-04-24 00:00:00+00:00,gbpusd,1.3964,1.3964,1.3964,1.3964
2018-04-25 00:00:00+00:00,gbpusd,1.3935,1.3935,1.3935,1.3935
2018-04-26 00:00:00+00:00,gbpusd,1.3936,1.3936,1.3936,1.3936
2018-04-27 00:00:00+00:00,gbpusd,1.3795,1.3795,1.3795,1.3795
2018-04-30 00:00:00+00:00,gbpusd,1.3776,1.3776,1.3776,1.3776
2018-05-01 00:00:00+00:00,gbpusd,1.3596,1.3596,1.3596,1.3596
2018-05-02 00:00:00+00:00,gbpusd,1.3599,1.3599,1.3599,1.3599
2018-05-03 00:00:00+00:00,gbpusd,1.3546,1.3546,1.3546,1.3546
2018-05-04 00:00:00+00:00,gbpusd,1.3517,1.3517,1.3517,1.3517
2018-05-08 00:00:00+00:00,gbpusd,1.3518,1.3518,1.3518,1.3518
2018-05-09 00:00:00+00:00,gbpusd,1.3577,1.3577,1.3577,1.3577
2018-05-10 00:00:00+00:00,gbpusd,1.3467,1.3467,1.3467,1.3467
2018-05-11 00:00:00+00:00,gbpusd,1.3553,1.3553,1.3553,1.3553
2018-05-14 00:00:00+00:00,gbpusd,1.3593,1.3593,1.3593,1.3593
2018-05-15 00:00:00+00:00,gbpusd,1.3495,1.3495,1.3495,1.3495
2018-05-16 00:00:00+00:00,gbpusd,1.3483,1.3483,1.3483,1.3483
2018-05-17 00:00:00+00:00,gbpusd,1.3504,1.3504,1.3504,1.3504
2018-05-18 00:00:00+00:00,gbpusd,1.3475,1.3475,1.3475,1.3475
2018-05-21 00:00:00+00:00,gbpusd,1.341,1.341,1.341,1.341
2018-05-22 00:00:00+00:00,gbpusd,1.3421,1.3421,1.3421,1.3421
2018-05-23 00:00:00+00:00,gbpusd,1.3341,1.3341,1.3341,1.3341
2018-05-24 00:00:00+00:00,gbpusd,1.3374,1.3374,1.3374,1.3374
2018-05-25 00:00:00+00:00,gbpusd,1.3316,1.3316,1.3316,1.3316
2018-05-29 00:00:00+00:00,gbpusd,1.3269,1.3269,1.3269,1.3269
2018-05-30 00:00:00+00:00,gbpusd,1.3275,1.3275,1.3275,1.3275
2018-05-31 00:00:00+00:00,gbpusd,1.3308,1.3308,1.3308,1.3308
2018-06-01 00:00:00+00:00,gbpusd,1.3331,1.3331,1.3331,1.3331
2018-06-04 00:00:00+00:00,gbpusd,1.3332,1.3332,1.3332,1.3332
2018-06-05 00:00:00+00:00,gbpusd,1.3341,1.3341,1.3341,1.3341
2018-06-06 00:00:00+00:00,gbpusd,1.3428,1.3428,1.3428,1.3428
2018-06-07 00:00:00+00:00,gbpusd,1.342,1.342,1.342,1.342
2018-06-08 00:00:00+00:00,gbpusd,1.3395,1.3395,1.3395,1.3395
2018-06-11 00:00:00+00:00,gbpusd,1.3394,1.3394,1.3394,1.3394
2018-06-12 00:00:00+00:00,gbpusd,1.3352,1.3352,1.3352,1.3352
2018-06-13 00:00:00+00:00,gbpusd,1.3367,1.3367,1.3367,1.3367
2018-06-14 00:00:00+00:00,gbpusd,1.3333,1.3333,1.3333,1.3333
2018-06-15 00:00:00+00:00,gbpusd,1.3286,1.3286,1.3286,1.3286
2018-06-18 00:00:00+00:00,gbpusd,1.3241,1.3241,1.3241,1.3241
2018-06-19 00:00:00+00:00,gbpusd,1.3173,1.3173,1.3173,1.3173
2018-06-20 00:00:00+00:00,gbpusd,1.3176,1.3176,1.3176,1.3176
2018-06-21 00:00:00+00:00,gbpusd,1.3257,1.3257,1.3257,1.3257
2018-06-22 00:00:00+00:00,gbpusd,1.3272,1.3272,1.3272,1.3272
2018-06-25 00:00:00+00:00,gbpusd,1.3269,1.3269,1.3269,1.3269
2018-06-26 00:00:00+00:00,gbpusd,1.3233,1.3233,1.3233,1.3233
2018-06-27 00:00:00+00:00,gbpusd,1.3147,1.3147,1.3147,1.3147
2018-06-28 00:00:00+00:00,gbpusd,1.3098,1.3098,1.3098,1.3098
2018-06-29 00:00:00+00:00,gbpusd,1.3203,1.3203,1.3203,1.3203
2018-07-02 00:00:00+00:00,gbpusd,1.3124,1.3124,1.3124,1.3124
2018-07-03 00:00:00+00:00,gbpusd,1.3176,1.3176,1.3176,1.3176
2018-07-04 00:00:00+00:00,gbpusd,1.3208,1.3208,1.3208,1.3208
2018-07-05 00:00:00+00:00,gbpusd,1.3223,1.3223,1.3223,1.3223
2018-07-06 00:00:00+00:00,gbpusd,1.3277,1.3277,1.3277,1.3277
2018-07-09 00:00:00+00:00,gbpusd,1.326,1.326,1.326,1.326
2018-07-10 00:00:00+00:00,gbpusd,1.3265,1.3265,1.3265,1.3265
2018-07-11 00:00:00+00:00,gbpusd,1.3248,1.3248,1.3248,1.3248
2018-07-12 00:00:00+00:00,gbpusd,1.3223,1.3223,1.3223,1.3223
2018-07-13 00:00:00+00:00,gbpusd,1.3201,1.3201,1.3201,1.3201
2018-07-16 00:00:00+00:00,gbpusd,1.3231,1.3231,1.3231,1.3231
2018-07-17 00:00:00+00:00,gbpusd,1.3161,1.3161,1.3161,1.3161
2018-07-18 00:00:00+00:00,gbpusd,1.305,1.305,1.305,1.305
2018-07-19 00:00:00+00:00,gbpusd,1.3004,1.3004,1.3004,1.3004
2018-07-20 00:00:00+00:00,gbpusd,1.3102,1.3102,1.3102,1.3102
2018-07-23 00:00:00+00:00,gbpusd,1.3113,1.3113,1.3113,1.3113
2018-07-24 00:00:00+00:00,gbpusd,1.3156,1.3156,1.3156,1.3156
2018-07-25 00:00:00+00:00,gbpusd,1.3149,1.3149,1.3149,1.3149
2018-07-26 00:00:00+00:00,gbpusd,1.315,1.315,1.315,1.315
2018-07-27 00:00:00+00:00,gbpusd,1.3128,1.3128,1.3128,1.3128
2018-07-30 00:00:00+00:00,gbpusd,1.3145,1.3145,1.3145,1.3145
2018-07-31 00:00:00+00:00,gbpusd,1.3117,1.3117,1.3117,1.3117
2018-08-01 00:00:00+00:00,gbpusd,1.3122,1.3122,1.3122,1.3122
2018-08-02 00:00:00+00:00,gbpusd,1.3032,1.3032,1.3032,1.3032
2018-08-03 00:00:00+00:00,gbpusd,1.3019,1.3019,1.3019,1.3019
2018-08-06 00:00:00+00:00,gbpusd,1.294,1.294,1.294,1.294
2018-08-07 00:00:00+00:00,gbpusd,1.2954,1.2954,1.2954,1.2954
2018-08-08 00:00:00+00:00,gbpusd,1.2882,1.2882,1.2882,1.2882
2018-08-09 00:00:00+00:00,gbpusd,1.2869,1.2869,1.2869,1.2869
2018-08-10 00:00:00+00:00,gbpusd,1.2776,1.2776,1.2776,1.2776
2018-08-13 00:00:00+00:00,gbpusd,1.2777,1.2777,1.2777,1.2777
2018-08-14 00:00:00+00:00,gbpusd,1.2753,1.2753,1.2753,1.2753
2018-08-15 00:00:00+00:00,gbpusd,1.2669,1.2669,1.2669,1.2669
2018-08-16 00:00:00+00:00,gbpusd,1.2724,1.2724,1.2724,1.2724
2018-08-17 00:00:00+00:00,gbpusd,1.2741,1.2741,1.2741,1.2741
2018-08-20 00:00:00+00:00,gbpusd,1.2759,1.2759,1.2759,1.2759
2018-08-21 00:00:00+00:00,gbpusd,1.2868,1.2868,1.2868,1.2868
2018-08-22 00:00:00+00:00,gbpusd,1.291,1.291,1.291,1.291
2018-08-23 00:00:00+00:00,gbpusd,1.2835,1.2835,1.2835,1.2835
2018-08-24 00:00:00+00:00,gbpusd,1.2858,1.2858,1.2858,1.2858
2018-08-28 00:00:00+00:00,gbpusd,1.2884,1.2884,1.2884,1.2884
2018-08-29 00:00:00+00:00,gbpusd,1.2999,1.2999,1.2999,1.2999
2018-08-30 00:00:00+00:00,gbpusd,1.3004,1.3004,1.3004,1.3004
2018-08-31 00:00:00+00:00,gbpusd,1.2994,1.2994,1.2994,1.2994
2018-09-03 00:00:00+00:00,gbpusd,1.2885,1.2885,1.2885,1.2885
2018-09-04 00:00:00+00:00,gbpusd,1.2832,1.2832,1.2832,1.2832
2018-09-05 00:00:00+00:00,gbpusd,1.2958,1.2958,1.2958,1.2958
2018-09-06 00:00:00+00:00,gbpusd,1.2947,1.2947,1.2947,1.2947
2018-09-07 00:00:00+00:00,gbpusd,1.2951,1.2951,1.2951,1.2951
2018-09-10 00:00:00+00:00,gbpusd,1.3019,1.3019,1.3019,1.3019
2018-09-11 00:00:00+00:00,gbpusd,1.2999,1.2999,1.2999,1.2999
2018-09-12 00:00:00+00:00,gbpusd,1.3021,1.3021,1.3021,1.3021
2018-09-13 00:00:00+00:00,gbpusd,1.3093,1.3093,1.3093,1.3093
2018-09-14 00:00:00+00:00,gbpusd,1.3074,1.3074,1.3074,1.3074
2018-09-17 00:00:00+00:00,gbpusd,1.3151,1.3151,1.3151,1.3151
2018-09-18 00:00:00+00:00,gbpusd,1.3155,1.3155,1.3155,1.3155
2018-09-19 00:00:00+00:00,gbpusd,1.3152,1.3152,1.3152,1.3152
2018-09-20 00:00:00+00:00,gbpusd,1.3256,1.3256,1.3256,1.3256
2018-09-21 00:00:00+00:00,gbpusd,1.3099,1.3099,1.3099,1.3099
2018-09-24 00:00:00+00:00,gbpusd,1.3139,1.3139,1.3139,1.3139
2018-09-25 00:00:00+00:00,gbpusd,1.3163,1.3163,1.3163,1.3163
2018-09-26 00:00:00+00:00,gbpusd,1.3185,1.3185,1.3185,1.3185
2018-09-27 00:00:00+00:00,gbpusd,1.3116,1.3116,1.3116,1.3116
2018-09-28 00:00:00+00:00,gbpusd,1.3041,1.3041,1.3041,1.3041
2018-10-01 00:00:00+00:00,gbpusd,1.3043,1.3043,1.3043,1.3043
2018-10-02 00:00:00+00:00,gbpusd,1.2978,1.2978,1.2978,1.2978
2018-10-03 00:00:00+00:00,gbpusd,1.3005,1.3005,1.3005,1.3005
2018-10-04 00:00:00+00:00,gbpusd,1.3027,1.3027,1.3027,1.3027
2018-10-05 00:00:00+00:00,gbpusd,1.3071,1.3071,1.3071,1.3071
2018-10-08 00:00:00+00:00,gbpusd,1.3071,1.3071,1.3071,1.3071
2018-10-09 00:00:00+00:00,gbpusd,1.3089,1.3089,1.3089,1.3089
2018-10-10 00:00:00+00:00,gbpusd,1.32,1.32,1.32,1.32
2018-10-11 00:00:00+00:00,gbpusd,1.321,1.321,1.321,1.321
2018-10-12 00:00:00+00:00,gbpusd,1.3158,1.3158,1.3158,1.3158
2018-10-15 00:00:00+00:00,gbpusd,1.3144,1.3144,1.3144,1.3144
2018-10-16 00:00:00+00:00,gbpusd,1.321,1.321,1.321,1.321
2018-10-17 00:00:00+00:00,gbpusd,1.3135,1.3135,1.3135,1.3135
2018-10-18 00:00:00+00:00,gbpusd,1.3071,1.3071,1.3071,1.3071
2018-10-19 00:00:00+00:00,gbpusd,1.3046,1.3046,1.3046,1.3046
2018-10-22 00:00:00+00:00,gbpusd,1.2974,1.2974,1.2974,1.2974
2018-10-23 00:00:00+00:00,gbpusd,1.2975,1.2975,1.2975,1.2975
2018-10-24 00:00:00+00:00,gbpusd,1.291,1.291,1.291,1.291
2018-10-25 00:00:00+00:00,gbpusd,1.2815,1.2815,1.2815,1.2815
2018-10-26 00:00:00+00:00,gbpusd,1.2821,1.2821,1.2821,1.2821
2018-10-29 00:00:00+00:00,gbpusd,1.2806,1.2806,1.2806,1.2806
2018-10-30 00:00:00+00:00,gbpusd,1.2731,1.2731,1.2731,1.2731
2018-10-31 00:00:00+00:00,gbpusd,1.2779,1.2779,1.2779,1.2779
2018-11-01 00:00:00+00:00,gbpusd,1.2974,1.2974,1.2974,1.2974
2018-11-02 00:00:00+00:00,gbpusd,1.2965,1.2965,1.2965,1.2965
2018-11-05 00:00:00+00:00,gbpusd,1.3018,1.3018,1.3018,1.3018
2018-11-06 00:00:00+00:00,gbpusd,1.308,1.308,1.308,1.308
2018-11-07 00:00:00+00:00,gbpusd,1.3135,1.3135,1.3135,1.3135
2018-11-08 00:00:00+00:00,gbpusd,1.3128,1.3128,1.3128,1.3128
2018-11-09 00:00:00+00:00,gbpusd,1.3029,1.3029,1.3029,1.3029
2018-11-12 00:00:00+00:00,gbpusd,1.2866,1.2866,1.2866,1.2866
2018-11-13 00:00:00+00:00,gbpusd,1.2997,1.2997,1.2997,1.2997
2018-11-14 00:00:00+00:00,gbpusd,1.3004,1.3004,1.3004,1.3004
2018-11-15 00:00:00+00:00,gbpusd,1.2782,1.2782,1.2782,1.2782
2018-11-16 00:00:00+00:00,gbpusd,1.284,1.284,1.284,1.284
2018-11-19 00:00:00+00:00,gbpusd,1.2864,1.2864,1.2864,1.2864
2018-11-20 00:00:00+00:00,gbpusd,1.2823,1.2823,1.2823,1.2823
2018-11-21 00:00:00+00:00,gbpusd,1.2784,1.2784,1.2784,1.2784
2018-11-22 00:00:00+00:00,gbpusd,1.2869,1.2869,1.2869,1.2869
2018-11-23 00:00:00+00:00,gbpusd,1.2802,1.2802,1.2802,1.2802
2018-11-26 00:00:00+00:00,gbpusd,1.2826,1.2826,1.2826,1.2826
2018-11-27 00:00:00+00:00,gbpusd,1.2739,1.2739,1.2739,1.2739
2018-11-28 00:00:00+00:00,gbpusd,1.2753,1.2753,1.2753,1.2753
2018-11-29 00:00:00+00:00,gbpusd,1.2778,1.2778,1.2778,1.2778
2018-11-30 00:00:00+00:00,gbpusd,1.276,1.276,1.276,1.276
2018-12-03 00:00:00+00:00,gbpusd,1.2737,1.2737,1.2737,1.2737
2018-12-04 00:00:00+00:00,gbpusd,1.2727,1.2727,1.2727,1.2727
2018-12-05 00:00:00+00:00,gbpusd,1.2738,1.2738,1.2738,1.2738
2018-12-06 00:00:00+00:00,gbpusd,1.2778,1.2778,1.2778,1.2778
2018-12-07 00:00:00+00:00,gbpusd,1.2759,1.2759,1.2759,1.2759
2018-12-10 00:00:00+00:00,gbpusd,1.2536,1.2536,1.2536,1.2536
2018-12-11 00:00:00+00:00,gbpusd,1.2527,1.2527,1.2527,1.2527
2018-12-12 00:00:00+00:00,gbpusd,1.2661,1.2661,1.2661,1.2661
2018-12-13 00:00:00+00:00,gbpusd,1.2616,1.2616,1.2616,1.2616
2018-12-14 00:00:00+00:00,gbpusd,1.2561,1.2561,1.2561,1.2561
2018-12-17 00:00:00+00:00,gbpusd,1.261,1.261,1.261,1.261
2018-12-18 00:00:00+00:00,gbpusd,1.2632,1.2632,1.2632,1.2632
2018-12-19 00:00:00+00:00,gbpusd,1.2643,1.2643,1.2643,1.2643
2018-12-20 00:00:00+00:00,gbpusd,1.2636,1.2636,1.2636,1.2636
2018-12-21 00:00:00+00:00,gbpusd,1.2676,1.2676,1.2676,1.2676
2018-12-24 00:00:00+00:00,gbpusd,1.2649,1.2649,1.2649,1.2649
2018-12-26 00:00:00+00:00,gbpusd,1.2649,1.2649,1.2649,1.2649
2018-12-27 00:00:00+00:00,gbpusd,1.2637,1.2637,1.2637,1.2637
2018-12-28 00:00:00+00:00,gbpusd,1.2688,1.2688,1.2688,1.2688
2018-12-31 00:00:00+00:00,gbpusd,1.2769,1.2769,1.2769,1.2769
2019-01-02 00:00:00+00:00,gbpusd,1.2608,1.2608,1.2608,1.2608
2019-01-03 00:00:00+00:00,gbpusd,1.2601,1.2601,1.2601,1.2601
2019-01-04 00:00:00+00:00,gbpusd,1.2724,1.2724,1.2724,1.2724
2019-01-07 00:00:00+00:00,gbpusd,1.2772,1.2772,1.2772,1.2772
2019-01-08 00:00:00+00:00,gbpusd,1.2731,1.2731,1.2731,1.2731
2019-01-09 00:00:00+00:00,gbpusd,1.2743,1.2743,1.2743,1.2743
2019-01-10 00:00:00+00:00,gbpusd,1.2779,1.2779,1.2779,1.2779
2019-01-11 00:00:00+00:00,gbpusd,1.2818,1.2818,1.2818,1.2818
2019-01-14 00:00:00+00:00,gbpusd,1.2912,1.2912,1.2912,1.2912
2019-01-15 00:00:00+00:00,gbpusd,1.281,1.281,1.281,1.281
2019-01-16 00:00:00+00:00,gbpusd,1.2861,1.2861,1.2861,1.2861
2019-01-17 00:00:00+00:00,gbpusd,1.2909,1.2909,1.2909,1.2909
2019-01-18 00:00:00+00:00,gbpusd,1.2906,1.2906,1.2906,1.2906
2019-01-21 00:00:00+00:00,gbpusd,1.2895,1.2895,1.2895,1.2895
2019-01-22 00:00:00+00:00,gbpusd,1.2957,1.2957,1.2957,1.2957
2019-01-23 00:00:00+00:00,gbpusd,1.3067,1.3067,1.3067,1.3067
2019-01-24 00:00:00+00:00,gbpusd,1.3042,1.31258,1.3042,1.30626
2019-01-25 00:00:00+00:00,gbpusd,1.3167,1.32185,1.309345,1.31161
2019-01-27 00:00:00+00:00,gbpusd,1.32078,1.32125,1.319615,1.319705
2019-01-28 00:00:00+00:00,gbpusd,1.3156,1.32091,1.278105,1.32059
2019-01-29 00:00:00+00:00,gbpusd,1.3149,1.3165,1.30497,1.314755
2019-01-30 00:00:00+00:00,gbpusd,1.3072,1.312375,1.279725,1.29366
2019-01-31 00:00:00+00:00,gbpusd,1.3152,1.3152,1.31021,1.311645
2019-02-01 00:00:00+00:00,gbpusd,1.3093,1.311245,1.308365,1.31086
2019-02-03 00:00:00+00:00,gbpusd,1.308205,1.308335,1.308205,1.308335
2019-02-04 00:00:00+00:00,gbpusd,1.3085,1.308515,1.302665,1.308205
2019-02-05 00:00:00+00:00,gbpusd,1.294,1.304265,1.294,1.30321
2019-02-06 00:00:00+00:00,gbpusd,1.2963,1.2963,1.2963,1.2963
2019-02-07 00:00:00+00:00,gbpusd,1.2975,1.2975,1.289385,1.292935
2019-02-08 00:00:00+00:00,gbpusd,1.2942,1.295625,1.2942,1.294895
2019-02-10 00:00:00+00:00,gbpusd,1.293595,1.294245,1.286055,1.29368
2019-02-11 00:00:00+00:00,gbpusd,1.2866,1.29387,1.279305,1.29361
2019-02-12 00:00:00+00:00,gbpusd,1.2883,1.29095,1.280075,1.28627
2019-02-13 00:00:00+00:00,gbpusd,1.2878,1.295805,1.281645,1.28917
2019-02-14 00:00:00+00:00,gbpusd,1.2781,1.28779,1.277295,1.285275
2019-02-15 00:00:00+00:00,gbpusd,1.2847,1.289945,1.27849,1.279575
2019-02-18 00:00:00+00:00,gbpusd,1.2928,1.2928,1.28537,1.29225
2019-02-19 00:00:00+00:00,gbpusd,1.3031,1.307265,1.279155,1.292205
2019-02-20 00:00:00+00:00,gbpusd,1.3061,1.3108,1.27944,1.305965
2019-02-21 00:00:00+00:00,gbpusd,1.307,1.307,1.290645,1.30444
2019-02-22 00:00:00+00:00,gbpusd,1.3058,1.307945,1.28761,1.303945
2019-02-24 00:00:00+00:00,gbpusd,1.30652,1.30701,1.29221,1.30551
2019-02-25 00:00:00+00:00,gbpusd,1.3067,1.316595,1.293,1.30639
2019-02-26 00:00:00+00:00,gbpusd,1.324,1.32885,1.295885,1.312565
2019-02-27 00:00:00+00:00,gbpusd,1.3336,1.3336,1.278845,1.325565
2019-02-28 00:00:00+00:00,gbpusd,1.33,1.33,1.33,1.33
2019-03-01 00:00:00+00:00,gbpusd,1.3243,1.3243,1.317125,1.320145
2019-03-04 00:00:00+00:00,gbpusd,1.3173,1.32047,1.29817,1.32015
2019-03-05 00:00:00+00:00,gbpusd,1.3114,1.31986,1.294785,1.317705
2019-03-06 00:00:00+00:00,gbpusd,1.315,1.318355,1.29776,1.298165
2019-03-07 00:00:00+00:00,gbpusd,1.3115,1.318495,1.29344,1.317935
2019-03-08 00:00:00+00:00,gbpusd,1.3005,1.30986,1.3005,1.309025
2019-03-10 00:00:00+00:00,gbpusd,1.298425,1.30155,1.288415,1.30155
2019-03-11 00:00:00+00:00,gbpusd,1.3095,1.32653,1.28876,1.298335
2019-03-12 00:00:00+00:00,gbpusd,1.3097,1.324595,1.29096,1.324555
2019-03-13 00:00:00+00:00,gbpusd,1.3228,1.33811,1.296115,1.3064
2019-03-14 00:00:00+00:00,gbpusd,1.3282,1.333085,1.301905,1.328545
2019-03-15 00:00:00+00:00,gbpusd,1.3279,1.33001,1.303335,1.328175
2019-03-17 00:00:00+00:00,gbpusd,1.32962,1.330675,1.304505,1.32962
2019-03-18 00:00:00+00:00,gbpusd,1.322,1.3299,1.27997,1.329665
2019-03-19 00:00:00+00:00,gbpusd,1.3264,1.32876,1.30118,1.326305
2019-03-20 00:00:00+00:00,gbpusd,1.3192,1.326965,1.29754,1.32682
2019-03-21 00:00:00+00:00,gbpusd,1.3073,1.312785,1.2965,1.308015
2019-03-22 00:00:00+00:00,gbpusd,1.322,1.3223,1.29964,1.31274
2019-03-25 00:00:00+00:00,gbpusd,1.3197,1.324565,1.298155,1.31746
2019-03-26 00:00:00+00:00,gbpusd,1.3215,1.326155,1.279495,1.32091
2019-03-27 00:00:00+00:00,gbpusd,1.3192,1.3192,1.3192,1.3192
2019-03-28 00:00:00+00:00,gbpusd,1.3088,1.315695,1.3088,1.31444
2019-03-29 00:00:00+00:00,gbpusd,1.303,1.303,1.303,1.303
2019-03-31 00:00:00+00:00,gbpusd,1.311275,1.313245,1.31106,1.312285
2019-04-01 00:00:00+00:00,gbpusd,1.3141,1.318245,1.31071,1.311245
2019-04-02 00:00:00+00:00,gbpusd,1.3031,1.318115,1.3031,1.313645
2019-04-03 00:00:00+00:00,gbpusd,1.3156,1.319985,1.3156,1.31645
2019-04-04 00:00:00+00:00,gbpusd,1.3083,1.320525,1.3083,1.319025
2019-04-05 00:00:00+00:00,gbpusd,1.3012,1.314795,1.3012,1.31382
2019-04-07 00:00:00+00:00,gbpusd,1.303835,1.31345,1.29109,1.312235
2019-04-08 00:00:00+00:00,gbpusd,1.3048,1.30796,1.281015,1.30363
2019-04-09 00:00:00+00:00,gbpusd,1.3045,1.3121,1.27943,1.30611
2019-04-10 00:00:00+00:00,gbpusd,1.309,1.31254,1.2943,1.30931
2019-04-11 00:00:00+00:00,gbpusd,1.3087,1.31086,1.292635,1.309675
2019-04-12 00:00:00+00:00,gbpusd,1.3103,1.3103,1.292505,1.305395
2019-04-14 00:00:00+00:00,gbpusd,1.307885,1.307935,1.29314,1.30725
2019-04-15 00:00:00+00:00,gbpusd,1.3116,1.311915,1.293435,1.307935
2019-04-16 00:00:00+00:00,gbpusd,1.3054,1.31008,1.291475,1.309935
2019-04-17 00:00:00+00:00,gbpusd,1.3046,1.30671,1.290605,1.306265
2019-04-18 00:00:00+00:00,gbpusd,1.3009,1.305285,1.2795,1.303835
2019-04-19 00:00:00+00:00,gbpusd,1.29926,1.301115,1.288735,1.29924
2019-04-21 00:00:00+00:00,gbpusd,1.29932,1.300305,1.279155,1.279155
2019-04-22 00:00:00+00:00,gbpusd,1.298115,1.29981,1.288295,1.299165
2019-04-23 00:00:00+00:00,gbpusd,1.2937,1.30185,1.279185,1.298035
2019-04-24 00:00:00+00:00,gbpusd,1.2959,1.29614,1.280025,1.293685
2019-04-25 00:00:00+00:00,gbpusd,1.2907,1.29166,1.28255,1.290315
2019-04-26 00:00:00+00:00,gbpusd,1.2934,1.2934,1.284045,1.28954
2019-04-29 00:00:00+00:00,gbpusd,1.2922,1.2922,1.2922,1.2922
2019-04-30 00:00:00+00:00,gbpusd,1.3036,1.304885,1.29084,1.30387
2019-05-01 00:00:00+00:00,gbpusd,1.3083,1.30935,1.292135,1.303905
2019-05-02 00:00:00+00:00,gbpusd,1.3033,1.308375,1.27899,1.305685
2019-05-03 00:00:00+00:00,gbpusd,1.3116,1.31801,1.278085,1.303125
2019-05-06 00:00:00+00:00,gbpusd,1.31017,1.31045,1.293745,1.30896
2019-05-07 00:00:00+00:00,gbpusd,1.3047,1.30864,1.27981,1.30809
2019-05-08 00:00:00+00:00,gbpusd,1.3004,1.30803,1.279245,1.30669
2019-05-09 00:00:00+00:00,gbpusd,1.302,1.3036,1.279485,1.30102
2019-05-10 00:00:00+00:00,gbpusd,1.3033,1.30473,1.2883,1.300925
2019-05-13 00:00:00+00:00,gbpusd,1.2984,1.2984,1.2984,1.2984
2019-05-14 00:00:00+00:00,gbpusd,1.2919,1.29641,1.278,1.294165
2019-05-15 00:00:00+00:00,gbpusd,1.2868,1.2923,1.27777,1.290665
2019-05-16 00:00:00+00:00,gbpusd,1.2792,1.285205,1.27821,1.284665
2019-05-17 00:00:00+00:00,gbpusd,1.2733,1.28072,1.271515,1.27974
2019-05-19 00:00:00+00:00,gbpusd,1.2731,1.279575,1.27244,1.276405
2019-05-20 00:00:00+00:00,gbpusd,1.2734,1.278575,1.271505,1.272955
2019-05-21 00:00:00+00:00,gbpusd,1.2786,1.280855,1.26852,1.27269
2019-05-22 00:00:00+00:00,gbpusd,1.2657,1.279935,1.26245,1.2707
2019-05-23 00:00:00+00:00,gbpusd,1.2667,1.273735,1.260425,1.26626
2019-05-24 00:00:00+00:00,gbpusd,1.2691,1.277005,1.26473,1.26628
2019-05-26 00:00:00+00:00,gbpusd,1.272335,1.277775,1.27116,1.27116
2019-05-27 00:00:00+00:00,gbpusd,1.26808,1.27588,1.26569,1.272215
2019-05-28 00:00:00+00:00,gbpusd,1.2675,1.280975,1.26508,1.268005
2019-05-29 00:00:00+00:00,gbpusd,1.2631,1.273495,1.261195,1.265755
2019-05-30 00:00:00+00:00,gbpusd,1.2589,1.2721,1.25807,1.262845
2019-05-31 00:00:00+00:00,gbpusd,1.2602,1.26436,1.255785,1.260615
2019-06-03 00:00:00+00:00,gbpusd,1.2631,1.27994,1.26167,1.26244
2019-06-04 00:00:00+00:00,gbpusd,1.2677,1.28198,1.264225,1.266245
2019-06-05 00:00:00+00:00,gbpusd,1.2732,1.27776,1.267995,1.27031
2019-06-06 00:00:00+00:00,gbpusd,1.2712,1.27667,1.26857,1.271985
2019-06-07 00:00:00+00:00,gbpusd,1.2757,1.277715,1.26888,1.269545
2019-06-09 00:00:00+00:00,gbpusd,1.272175,1.27371,1.27204,1.273235
2019-06-10 00:00:00+00:00,gbpusd,1.269,1.274585,1.26838,1.2687
2019-06-11 00:00:00+00:00,gbpusd,1.2719,1.27729,1.266985,1.26909
2019-06-12 00:00:00+00:00,gbpusd,1.2725,1.278305,1.268195,1.272405
2019-06-13 00:00:00+00:00,gbpusd,1.2684,1.276035,1.266235,1.269285
2019-06-14 00:00:00+00:00,gbpusd,1.2606,1.27493,1.257995,1.267885
2019-06-16 00:00:00+00:00,gbpusd,1.25943,1.26932,1.25703,1.258795
2019-06-17 00:00:00+00:00,gbpusd,1.2556,1.27131,1.253135,1.25942
2019-06-18 00:00:00+00:00,gbpusd,1.2539,1.26889,1.25063,1.254135
2019-06-19 00:00:00+00:00,gbpusd,1.263,1.273155,1.254205,1.25659
2019-06-20 00:00:00+00:00,gbpusd,1.2701,1.27765,1.265165,1.26528
2019-06-21 00:00:00+00:00,gbpusd,1.2696,1.27547,1.263935,1.270725
2019-06-23 00:00:00+00:00,gbpusd,1.269915,1.269915,1.26766,1.268585
2019-06-24 00:00:00+00:00,gbpusd,1.26922,1.27408,1.264585,1.269895
2019-06-25 00:00:00+00:00,gbpusd,1.268985,1.27415,1.266985,1.26922
2019-06-26 00:00:00+00:00,gbpusd,1.268475,1.2747,1.26601,1.268985
2019-06-28 00:00:00+00:00,gbpusd,1.269525,1.276,1.268635,1.27126
2019-07-01 00:00:00+00:00,gbpusd,1.264155,1.274275,1.25966,1.269195
2019-07-02 00:00:00+00:00,gbpusd,1.25983,1.272325,1.258395,1.26415
2019-07-03 00:00:00+00:00,gbpusd,1.25719,1.279185,1.255695,1.25985
2019-07-04 00:00:00+00:00,gbpusd,1.258145,1.270005,1.256785,1.257855
2019-07-05 00:00:00+00:00,gbpusd,1.252595,1.268475,1.24799,1.258145
2019-07-07 00:00:00+00:00,gbpusd,1.252485,1.25324,1.25138,1.252895
2019-07-08 00:00:00+00:00,gbpusd,1.251535,1.26717,1.250435,1.252485
2019-07-09 00:00:00+00:00,gbpusd,1.24572,1.26452,1.243835,1.251535
2019-07-10 00:00:00+00:00,gbpusd,1.25052,1.26628,1.2443,1.24572
2019-07-11 00:00:00+00:00,gbpusd,1.252495,1.269285,1.25045,1.25052
2019-07-12 00:00:00+00:00,gbpusd,1.257345,1.26874,1.253,1.253195
2019-07-14 00:00:00+00:00,gbpusd,1.257075,1.269425,1.25474,1.256425
2019-07-15 00:00:00+00:00,gbpusd,1.25131,1.269045,1.250725,1.25709
2019-07-16 00:00:00+00:00,gbpusd,1.24068,1.26463,1.239245,1.25131
2019-07-17 00:00:00+00:00,gbpusd,1.24294,1.261975,1.24001,1.240775
2019-07-18 00:00:00+00:00,gbpusd,1.254175,1.26786,1.242615,1.24294
2019-07-19 00:00:00+00:00,gbpusd,1.25101,1.2673,1.247655,1.254175
2019-07-22 00:00:00+00:00,gbpusd,1.248215,1.263855,1.246145,1.2465
2019-07-23 00:00:00+00:00,gbpusd,1.24463,1.263415,1.243085,1.2438
2019-07-24 00:00:00+00:00,gbpusd,1.248505,1.265845,1.24268,1.24306
2019-07-25 00:00:00+00:00,gbpusd,1.24525,1.26588,1.244555,1.2485
2019-07-26 00:00:00+00:00,gbpusd,1.238285,1.26333,1.23756,1.24525
2019-07-29 00:00:00+00:00,gbpusd,1.221515,1.259265,1.221155,1.23779
2019-07-30 00:00:00+00:00,gbpusd,1.215205,1.249985,1.211805,1.221515
2019-07-31 00:00:00+00:00,gbpusd,1.21505,1.250805,1.213315,1.215205
2019-08-01 00:00:00+00:00,gbpusd,1.212345,1.248145,1.20767,1.21505
2019-08-02 00:00:00+00:00,gbpusd,1.215805,1.247035,1.20899,1.212345
2019-08-04 00:00:00+00:00,gbpusd,1.214795,1.21955,1.213335,1.21491
2019-08-05 00:00:00+00:00,gbpusd,1.21559,1.249115,1.21018,1.214795
2019-08-06 00:00:00+00:00,gbpusd,1.217,1.25154,1.21369,1.21559
2019-08-07 00:00:00+00:00,gbpusd,1.21398,1.24979,1.212055,1.217015
2019-08-08 00:00:00+00:00,gbpusd,1.21411,1.25026,1.20938,1.21398
2019-08-09 00:00:00+00:00,gbpusd,1.204255,1.247345,1.2039,1.21411
2019-08-11 00:00:00+00:00,gbpusd,1.202,1.244245,1.20157,1.20665
2019-08-12 00:00:00+00:00,gbpusd,1.20775,1.24532,1.201805,1.202
2019-08-13 00:00:00+00:00,gbpusd,1.20595,1.244655,1.20434,1.20775
2019-08-14 00:00:00+00:00,gbpusd,1.205865,1.24443,1.204425,1.20595
2019-08-15 00:00:00+00:00,gbpusd,1.209035,1.24621,1.20495,1.205865
2019-08-16 00:00:00+00:00,gbpusd,1.214365,1.249065,1.20811,1.209035
2019-08-19 00:00:00+00:00,gbpusd,1.2127,1.24839,1.21044,1.21242
2019-08-20 00:00:00+00:00,gbpusd,1.216175,1.24838,1.206335,1.2127
2019-08-21 00:00:00+00:00,gbpusd,1.21308,1.24889,1.211285,1.216175
2019-08-22 00:00:00+00:00,gbpusd,1.21451,1.215475,1.210775,1.21308
2019-08-27 00:00:00+00:00,gbpusd,1.22801,1.254425,1.22801,1.229065
2019-08-28 00:00:00+00:00,gbpusd,1.221445,1.250695,1.219585,1.22804
2019-08-29 00:00:00+00:00,gbpusd,1.21838,1.24829,1.217235,1.221445
2019-08-30 00:00:00+00:00,gbpusd,1.216295,1.22265,1.213905,1.21838
2019-09-01 00:00:00+00:00,gbpusd,1.21583,1.216395,1.21336,1.215195
2019-09-02 00:00:00+00:00,gbpusd,1.2064,1.243975,1.20355,1.21583
2019-09-03 00:00:00+00:00,gbpusd,1.20909,1.24484,1.19594,1.2064
2019-09-04 00:00:00+00:00,gbpusd,1.224615,1.251455,1.20851,1.209105
2019-09-05 00:00:00+00:00,gbpusd,1.232365,1.25683,1.22104,1.224585
2019-09-06 00:00:00+00:00,gbpusd,1.2288,1.25557,1.227945,1.23239
2019-09-09 00:00:00+00:00,gbpusd,1.234445,1.23802,1.22338,1.22898
2019-09-10 00:00:00+00:00,gbpusd,1.23573,1.2574,1.230685,1.23449
2019-09-11 00:00:00+00:00,gbpusd,1.23334,1.25747,1.23126,1.23554
2019-09-12 00:00:00+00:00,gbpusd,1.23296,1.256835,1.2284,1.23343
2019-09-13 00:00:00+00:00,gbpusd,1.249865,1.26387,1.24289,1.244105
2019-09-15 00:00:00+00:00,gbpusd,1.251595,1.25222,1.24874,1.24874
2019-09-16 00:00:00+00:00,gbpusd,1.244765,1.263665,1.24207,1.251545
2019-09-17 00:00:00+00:00,gbpusd,1.25012,1.261645,1.243045,1.24478
2019-09-18 00:00:00+00:00,gbpusd,1.247,1.26296,1.24403,1.25011
2019-09-19 00:00:00+00:00,gbpusd,1.25232,1.26544,1.243795,1.24696
2019-09-20 00:00:00+00:00,gbpusd,1.24772,1.26808,1.24645,1.252335
2019-09-22 00:00:00+00:00,gbpusd,1.24701,1.247655,1.245665,1.24702
2019-09-23 00:00:00+00:00,gbpusd,1.24337,1.26325,1.241365,1.246985
2019-09-24 00:00:00+00:00,gbpusd,1.248465,1.250675,1.24145,1.243315
2019-09-25 00:00:00+00:00,gbpusd,1.235705,1.248655,1.234485,1.248445
2019-09-26 00:00:00+00:00,gbpusd,1.23265,1.23801,1.23036,1.2358
2019-09-27 00:00:00+00:00,gbpusd,1.22841,1.233465,1.226955,1.23264
2019-09-29 00:00:00+00:00,gbpusd,1.22916,1.23233,1.22564,1.22951
2019-09-30 00:00:00+00:00,gbpusd,1.22896,1.234455,1.22756,1.229245
2019-10-01 00:00:00+00:00,gbpusd,1.229115,1.232885,1.22075,1.22894
2019-10-02 00:00:00+00:00,gbpusd,1.23028,1.2323,1.222755,1.229155
2019-10-03 00:00:00+00:00,gbpusd,1.233655,1.241255,1.226595,1.23034
2019-10-06 00:00:00+00:00,gbpusd,1.23296,1.2332,1.23112,1.23121
2019-10-07 00:00:00+00:00,gbpusd,1.228745,1.23328,1.22835,1.23302
2019-10-08 00:00:00+00:00,gbpusd,1.22188,1.23024,1.21975,1.228765
2019-10-09 00:00:00+00:00,gbpusd,1.221175,1.228505,1.219855,1.221925
2019-10-10 00:00:00+00:00,gbpusd,1.232475,1.23413,1.22089,1.22112
2019-10-29 00:00:00+00:00,gbpusd,1.289225,1.29046,1.284765,1.285905
2019-10-30 00:00:00+00:00,gbpusd,1.28993,1.29741,1.284345,1.289295
2019-10-31 00:00:00+00:00,gbpusd,1.293385,1.294795,1.289905,1.289985
2019-11-01 00:00:00+00:00,gbpusd,1.29399,1.295355,1.292735,1.293385
2019-11-03 00:00:00+00:00,gbpusd,1.293785,1.29467,1.293085,1.29449
2019-11-04 00:00:00+00:00,gbpusd,1.29004,1.294295,1.289435,1.293765
2019-11-05 00:00:00+00:00,gbpusd,1.28813,1.29149,1.28597,1.29004
2019-11-06 00:00:00+00:00,gbpusd,1.285415,1.28976,1.28447,1.28813
2019-11-07 00:00:00+00:00,gbpusd,1.281905,1.285525,1.28106,1.285435
2019-11-08 00:00:00+00:00,gbpusd,1.27841,1.28206,1.277955,1.281805
2019-11-13 00:00:00+00:00,gbpusd,1.41271,1.544945,1.41108,1.544945
2019-11-14 00:00:00+00:00,gbpusd,1.28808,1.41362,1.28351,1.41271
2019-11-15 00:00:00+00:00,gbpusd,1.41495,1.41581,1.28761,1.288085
2019-11-17 00:00:00+00:00,gbpusd,1.41606,1.54496,1.41576,1.54426
2019-11-18 00:00:00+00:00,gbpusd,1.294875,1.41666,1.147895,1.41606
2019-11-19 00:00:00+00:00,gbpusd,1.29255,21475.48441,3e-05,1.29485
2019-11-20 00:00:00+00:00,gbpusd,1.292335,1.29275,1.28867,1.29255
2019-11-21 00:00:00+00:00,gbpusd,1.291875,1.29685,1.289125,1.292335
2019-11-22 00:00:00+00:00,gbpusd,1.284055,1.29285,1.28357,1.291875
2019-11-24 00:00:00+00:00,gbpusd,1.28507,1.285125,1.28385,1.28446
2019-11-25 00:00:00+00:00,gbpusd,1.28967,1.291185,1.28412,1.28507
2019-11-26 00:00:00+00:00,gbpusd,1.28608,1.290285,1.283615,1.28967
2019-11-27 00:00:00+00:00,gbpusd,1.29296,1.29501,1.282665,1.28608
2019-11-28 00:00:00+00:00,gbpusd,1.4166,1.41847,1.292035,1.29296
2019-11-29 00:00:00+00:00,gbpusd,1.416925,1.41711,1.41395,1.4166
2019-12-01 00:00:00+00:00,gbpusd,1.291215,1.291565,1.29092,1.29112
2019-12-02 00:00:00+00:00,gbpusd,1.29386,1.41585,1.289605,1.291215
2019-12-03 00:00:00+00:00,gbpusd,1.29965,1.30109,1.293025,1.29391
2019-12-04 00:00:00+00:00,gbpusd,1.3108,1.312075,1.29828,1.29965
2019-12-05 00:00:00+00:00,gbpusd,1.31564,1.316625,1.310595,1.310785
2019-12-06 00:00:00+00:00,gbpusd,1.313405,1.31645,1.30994,1.315645
2019-12-08 00:00:00+00:00,gbpusd,1.31375,1.31405,1.31322,1.313225
2019-12-09 00:00:00+00:00,gbpusd,1.31446,1.31787,1.313415,1.313735
2019-12-10 00:00:00+00:00,gbpusd,1.31322,1.315565,1.312085,1.314435
2019-12-11 00:00:00+00:00,gbpusd,1.319555,1.32115,1.312225,1.31322
2019-12-12 00:00:00+00:00,gbpusd,1.3473,1.35162,1.312075,1.319535
2019-12-13 00:00:00+00:00,gbpusd,1.33336,1.35081,1.33052,1.347335
2019-12-15 00:00:00+00:00,gbpusd,1.33695,1.337075,1.333225,1.33378
2019-12-16 00:00:00+00:00,gbpusd,1.32855,1.3438,1.325225,1.33695
2019-12-17 00:00:00+00:00,gbpusd,1.31363,1.331735,1.31002,1.32855
2019-12-18 00:00:00+00:00,gbpusd,1.310075,1.31433,1.307685,1.313625
2019-12-19 00:00:00+00:00,gbpusd,1.30317,1.312315,1.300655,1.310045
2019-12-20 00:00:00+00:00,gbpusd,1.30164,1.309525,1.29953,1.30317
2019-12-22 00:00:00+00:00,gbpusd,1.30198,1.30346,1.301865,1.302925
2019-12-23 00:00:00+00:00,gbpusd,1.296325,1.304685,1.291965,1.301965
2019-12-24 00:00:00+00:00,gbpusd,1.30041,1.30041,1.293695,1.296325
2019-12-25 00:00:00+00:00,gbpusd,1.298085,1.30041,1.295545,1.30041
2019-12-26 00:00:00+00:00,gbpusd,1.299705,1.30156,1.29925,1.301285
2019-12-27 00:00:00+00:00,gbpusd,1.30481,1.30627,1.29693,1.29973
2019-12-29 00:00:00+00:00,gbpusd,1.310175,1.3109,1.309435,1.31082
2019-12-30 00:00:00+00:00,gbpusd,1.31238,1.31611,1.309655,1.31017
2019-12-31 00:00:00+00:00,gbpusd,1.327175,1.329465,1.3116,1.31238
2020-01-01 00:00:00+00:00,gbpusd,1.32668,1.32756,1.326015,1.327175
2020-01-02 00:00:00+00:00,gbpusd,1.321325,1.32748,1.319895,1.32668
2020-01-03 00:00:00+00:00,gbpusd,1.31799,1.32225,1.316835,1.321325
2020-01-05 00:00:00+00:00,gbpusd,1.30878,1.309435,1.30655,1.30888
2020-01-06 00:00:00+00:00,gbpusd,1.318005,1.318505,1.307455,1.30878
2020-01-07 00:00:00+00:00,gbpusd,1.3123,1.3222,1.3105,1.318055
2020-01-08 00:00:00+00:00,gbpusd,1.311395,1.317885,1.30903,1.312345
2020-01-09 00:00:00+00:00,gbpusd,1.307795,1.313315,1.302255,1.311375
2020-01-10 00:00:00+00:00,gbpusd,1.307235,1.31048,1.30514,1.307825
2020-01-12 00:00:00+00:00,gbpusd,1.305235,1.30531,1.30287,1.303575
2020-01-13 00:00:00+00:00,gbpusd,1.29965,1.30536,1.297025,1.305235
2020-01-14 00:00:00+00:00,gbpusd,1.302995,1.30426,1.296395,1.299565
2020-01-15 00:00:00+00:00,gbpusd,1.304675,1.305865,1.299535,1.302995
2020-01-16 00:00:00+00:00,gbpusd,1.308625,1.30921,1.30338,1.304675
2020-01-17 00:00:00+00:00,gbpusd,1.308375,1.308725,1.307925,1.308625
2020-01-19 00:00:00+00:00,gbpusd,1.301165,1.30159,1.29994,1.30057
2020-01-20 00:00:00+00:00,gbpusd,1.301215,1.30174,1.297055,1.301165
2020-01-21 00:00:00+00:00,gbpusd,1.30528,1.30928,1.300305,1.30119
2020-01-22 00:00:00+00:00,gbpusd,1.314315,1.31525,1.304175,1.30525
2020-01-23 00:00:00+00:00,gbpusd,1.31183,1.315095,1.30968,1.31434
2020-01-24 00:00:00+00:00,gbpusd,1.30731,1.31725,1.30652,1.31186
2020-01-26 00:00:00+00:00,gbpusd,1.30684,1.308325,1.306765,1.308065
2020-01-27 00:00:00+00:00,gbpusd,1.306595,1.31118,1.304825,1.30684
2020-01-28 00:00:00+00:00,gbpusd,1.30298,1.307225,1.298235,1.306595
2020-01-29 00:00:00+00:00,gbpusd,1.302645,1.30338,1.299605,1.30295
2020-01-30 00:00:00+00:00,gbpusd,1.30892,1.31149,1.298315,1.30267
2020-01-31 00:00:00+00:00,gbpusd,1.32112,1.321475,1.308845,1.3089
2020-02-02 00:00:00+00:00,gbpusd,1.318695,1.318845,1.31764,1.31817
2020-02-03 00:00:00+00:00,gbpusd,1.300045,1.318715,1.298665,1.318615
2020-02-04 00:00:00+00:00,gbpusd,1.3034,1.305335,1.29492,1.30002
2020-02-05 00:00:00+00:00,gbpusd,1.2998,1.304865,1.29569,1.30343
2020-02-06 00:00:00+00:00,gbpusd,1.29318,1.30007,1.29242,1.29977
2020-02-07 00:00:00+00:00,gbpusd,1.289455,1.295725,1.289135,1.29315
2020-02-09 00:00:00+00:00,gbpusd,1.28957,1.289675,1.28907,1.28912
2020-02-10 00:00:00+00:00,gbpusd,1.29182,1.29496,1.28781,1.28957
2020-02-11 00:00:00+00:00,gbpusd,1.295895,1.29708,1.289735,1.291845
2020-02-12 00:00:00+00:00,gbpusd,1.29597,1.29824,1.295425,1.29592
2020-02-13 00:00:00+00:00,gbpusd,1.30432,1.307125,1.294635,1.29597
2020-02-14 00:00:00+00:00,gbpusd,1.304935,1.305515,1.301405,1.30434
2020-02-16 00:00:00+00:00,gbpusd,1.305335,1.30559,1.303365,1.304065
2020-02-17 00:00:00+00:00,gbpusd,1.30097,1.30542,1.298405,1.305335
2020-02-18 00:00:00+00:00,gbpusd,1.29995,1.305035,1.297285,1.30097
2020-02-19 00:00:00+00:00,gbpusd,1.29267,1.302505,1.290895,1.299995
2020-02-20 00:00:00+00:00,gbpusd,1.28823,1.292975,1.2851,1.292695
2020-02-21 00:00:00+00:00,gbpusd,1.295735,1.298215,1.287935,1.28823
2020-02-23 00:00:00+00:00,gbpusd,1.295285,1.295775,1.294685,1.294965
2020-02-24 00:00:00+00:00,gbpusd,1.292565,1.295415,1.28877,1.29529
2020-02-25 00:00:00+00:00,gbpusd,1.30031,1.301825,1.291495,1.292515
2020-02-26 00:00:00+00:00,gbpusd,1.291715,1.30096,1.29134,1.30025
2020-02-27 00:00:00+00:00,gbpusd,1.28896,1.294605,1.286005,1.291745
2020-02-28 00:00:00+00:00,gbpusd,1.28179,1.292,1.272595,1.288855
2020-03-01 00:00:00+00:00,gbpusd,1.28065,1.283375,1.27962,1.28132
2020-03-02 00:00:00+00:00,gbpusd,1.276065,1.28505,1.274245,1.28067
2020-03-03 00:00:00+00:00,gbpusd,1.281725,1.284065,1.275705,1.27604
2020-03-04 00:00:00+00:00,gbpusd,1.287205,1.287415,1.279045,1.281675
2020-03-05 00:00:00+00:00,gbpusd,1.295,1.29617,1.28599,1.287235
2020-03-06 00:00:00+00:00,gbpusd,1.304735,1.305335,1.29485,1.294985
2020-03-08 00:00:00+00:00,gbpusd,1.309395,1.31024,1.30759,1.308645
2020-03-09 00:00:00+00:00,gbpusd,1.309655,1.319825,1.30332,1.309295
2020-03-10 00:00:00+00:00,gbpusd,1.29414,1.310455,1.292445,1.309575
2020-03-11 00:00:00+00:00,gbpusd,1.28544,1.297645,1.28487,1.293595
2020-03-12 00:00:00+00:00,gbpusd,1.273015,1.287115,1.269205,1.28546
2020-03-15 00:00:00+00:00,gbpusd,1.2413,1.244145,1.235055,1.24281
2020-03-16 00:00:00+00:00,gbpusd,1.227815,1.24135,1.22177,1.241055
2020-03-17 00:00:00+00:00,gbpusd,1.214205,1.228065,1.20156,1.227915
2020-03-18 00:00:00+00:00,gbpusd,1.16348,1.21505,1.1487,1.214205
2020-03-19 00:00:00+00:00,gbpusd,1.150515,1.16363,1.142515,1.162225
2020-03-20 00:00:00+00:00,gbpusd,1.167505,1.19485,1.149065,1.150515
2020-03-22 00:00:00+00:00,gbpusd,1.163255,1.169855,1.154345,1.169605
2020-03-23 00:00:00+00:00,gbpusd,1.160035,1.17205,1.146405,1.161855
2020-03-24 00:00:00+00:00,gbpusd,1.180495,1.181905,1.15898,1.160265
2020-03-25 00:00:00+00:00,gbpusd,1.18743,1.191995,1.169925,1.180415
2020-03-26 00:00:00+00:00,gbpusd,1.2213,1.2246,1.183555,1.18733
2020-03-27 00:00:00+00:00,gbpusd,1.229555,1.229555,1.218105,1.220955
2020-03-29 00:00:00+00:00,gbpusd,1.246455,1.24945,1.241005,1.245705
2020-03-30 00:00:00+00:00,gbpusd,1.238265,1.248105,1.23306,1.246255
2020-03-31 00:00:00+00:00,gbpusd,1.242425,1.247165,1.20535,1.23836
2020-04-01 00:00:00+00:00,gbpusd,1.240775,1.243655,1.2382,1.242425
2020-04-02 00:00:00+00:00,gbpusd,1.238955,1.24702,1.234775,1.24072
2020-04-03 00:00:00+00:00,gbpusd,1.22766,1.239495,1.22117,1.238755
2020-04-05 00:00:00+00:00,gbpusd,1.224685,1.22565,1.224435,1.225155
2020-04-06 00:00:00+00:00,gbpusd,1.224755,1.23274,1.217455,1.22399
2020-04-07 00:00:00+00:00,gbpusd,1.23417,1.23772,1.2227,1.22465
2020-04-08 00:00:00+00:00,gbpusd,1.239805,1.242485,1.23138,1.234175
2020-04-09 00:00:00+00:00,gbpusd,1.23855,1.242455,1.238205,1.239755
2020-04-10 00:00:00+00:00,gbpusd,1.24569,1.24822,1.24569,1.24801
2020-04-12 00:00:00+00:00,gbpusd,1.24598,1.24742,1.24562,1.24625
2020-04-13 00:00:00+00:00,gbpusd,1.25207,1.253295,1.24543,1.24591
2020-04-14 00:00:00+00:00,gbpusd,1.26253,1.26471,1.25103,1.2521
2020-04-15 00:00:00+00:00,gbpusd,1.2519,1.26252,1.24394,1.26252
2020-04-16 00:00:00+00:00,gbpusd,1.24862,1.25249,1.24096,1.2519
2020-04-17 00:00:00+00:00,gbpusd,1.25003,1.25223,1.24077,1.24866
2020-04-19 00:00:00+00:00,gbpusd,1.24861,1.25037,1.24859,1.25026
2020-04-20 00:00:00+00:00,gbpusd,1.24405,1.24911,1.24169,1.24852
2020-04-21 00:00:00+00:00,gbpusd,1.23017,1.2442,1.22481,1.24409
2020-04-22 00:00:00+00:00,gbpusd,1.23224,1.23852,1.2275,1.23016
2020-04-23 00:00:00+00:00,gbpusd,1.2352,1.24123,1.2309,1.23226
2020-04-24 00:00:00+00:00,gbpusd,1.23712,1.23765,1.22986,1.235235
2020-04-26 00:00:00+00:00,gbpusd,1.23665,1.23691,1.23638,1.23656
2020-04-27 00:00:00+00:00,gbpusd,1.2422,1.24549,1.23605,1.23665
2020-04-28 00:00:00+00:00,gbpusd,1.24347,1.25181,1.24046,1.24211
2020-04-29 00:00:00+00:00,gbpusd,1.24712,1.24856,1.23902,1.24348
2020-04-30 00:00:00+00:00,gbpusd,1.258115,1.26382,1.24304,1.24701
2020-05-01 00:00:00+00:00,gbpusd,1.24915,1.25813,1.24837,1.25813
2020-05-03 00:00:00+00:00,gbpusd,1.24552,1.24863,1.24503,1.24851
2020-05-04 00:00:00+00:00,gbpusd,1.24447,1.24718,1.24058,1.24556
2020-05-05 00:00:00+00:00,gbpusd,1.2443,1.24822,1.24206,1.24452
2020-05-06 00:00:00+00:00,gbpusd,1.23244,1.24495,1.23228,1.24446
2020-05-07 00:00:00+00:00,gbpusd,1.23743,1.24175,1.2267,1.23245
2020-05-08 00:00:00+00:00,gbpusd,1.24054,1.24633,1.23565,1.23748
2020-05-10 00:00:00+00:00,gbpusd,1.24167,1.24173,1.23977,1.24069
2020-05-11 00:00:00+00:00,gbpusd,1.23318,1.24377,1.22841,1.24169
2020-05-12 00:00:00+00:00,gbpusd,1.22522,1.23749,1.22518,1.23317
2020-05-13 00:00:00+00:00,gbpusd,1.22387,1.23374,1.22106,1.22521
2020-05-14 00:00:00+00:00,gbpusd,1.22336,1.22408,1.21669,1.22387
2020-05-15 00:00:00+00:00,gbpusd,1.21039,1.22375,1.21019,1.22336
2020-05-17 00:00:00+00:00,gbpusd,1.20854,1.20988,1.20765,1.208
2020-05-18 00:00:00+00:00,gbpusd,1.21998,1.22264,1.2085,1.20863
2020-05-19 00:00:00+00:00,gbpusd,1.22557,1.22955,1.21846,1.2198
2020-05-20 00:00:00+00:00,gbpusd,1.22366,1.22872,1.22229,1.22561
2020-05-21 00:00:00+00:00,gbpusd,1.22223,1.22492,1.2186,1.22369
2020-05-22 00:00:00+00:00,gbpusd,1.21666,1.22336,1.21622,1.22229
2020-05-24 00:00:00+00:00,gbpusd,1.21852,1.21882,1.21683,1.21722
2020-05-25 00:00:00+00:00,gbpusd,1.22018,1.22032,1.21646,1.21855
2020-05-26 00:00:00+00:00,gbpusd,1.23317,1.23628,1.21986,1.22011
2020-05-27 00:00:00+00:00,gbpusd,1.2263,1.23535,1.22066,1.23325
2020-05-28 00:00:00+00:00,gbpusd,1.23194,1.23442,1.22342,1.22633
2020-05-29 00:00:00+00:00,gbpusd,1.23437,1.23935,1.22914,1.23189
2020-05-31 00:00:00+00:00,gbpusd,1.23461,1.2353,1.23281,1.23452
2020-06-01 00:00:00+00:00,gbpusd,1.24861,1.25068,1.23449,1.23461
2020-06-02 00:00:00+00:00,gbpusd,1.2583,1.25832,1.24789,1.24865
2020-06-03 00:00:00+00:00,gbpusd,1.25741,1.2614,1.2554,1.25807
2020-06-04 00:00:00+00:00,gbpusd,1.26065,1.26305,1.25009,1.25741
2020-06-05 00:00:00+00:00,gbpusd,1.2668,1.27291,1.25834,1.26058
2020-06-07 00:00:00+00:00,gbpusd,1.27192,1.27297,1.26758,1.26885
2020-06-08 00:00:00+00:00,gbpusd,1.27347,1.27406,1.26295,1.27188
2020-06-09 00:00:00+00:00,gbpusd,1.27094,1.27554,1.26193,1.27349
2020-06-10 00:00:00+00:00,gbpusd,1.27115,1.28126,1.27068,1.27115
2020-06-11 00:00:00+00:00,gbpusd,1.25731,1.27497,1.25708,1.27119
2020-06-12 00:00:00+00:00,gbpusd,1.25411,1.26527,1.2475,1.25754
2020-06-14 00:00:00+00:00,gbpusd,1.25088,1.25221,1.24881,1.252
2020-06-15 00:00:00+00:00,gbpusd,1.26375,1.26375,1.24552,1.2509
2020-06-16 00:00:00+00:00,gbpusd,1.25824,1.26874,1.2553,1.26366
2020-06-17 00:00:00+00:00,gbpusd,1.2552,1.25877,1.25113,1.25825
2020-06-18 00:00:00+00:00,gbpusd,1.24237,1.25629,1.24029,1.25502
2020-06-19 00:00:00+00:00,gbpusd,1.23481,1.2456,1.23445,1.24235
2020-06-21 00:00:00+00:00,gbpusd,1.23461,1.23574,1.23386,1.23541
2020-06-22 00:00:00+00:00,gbpusd,1.25008,1.25063,1.23396,1.23468
2020-06-23 00:00:00+00:00,gbpusd,1.2525,1.25321,1.24329,1.25008
2020-06-24 00:00:00+00:00,gbpusd,1.24122,1.25416,1.24115,1.25242
2020-06-25 00:00:00+00:00,gbpusd,1.24245,1.24643,1.23905,1.24126
2020-06-26 00:00:00+00:00,gbpusd,1.23354,1.2437,1.23149,1.24245
2020-06-28 00:00:00+00:00,gbpusd,1.23406,1.23455,1.23268,1.23446
2020-06-29 00:00:00+00:00,gbpusd,1.23108,1.23895,1.22518,1.23421
2020-06-30 00:00:00+00:00,gbpusd,1.23882,1.24014,1.22579,1.23112
2020-07-01 00:00:00+00:00,gbpusd,1.24652,1.24897,1.23597,1.23881
2020-07-02 00:00:00+00:00,gbpusd,1.24662,1.253,1.24572,1.24647
2020-07-03 00:00:00+00:00,gbpusd,1.24814,1.24868,1.24387,1.24661
2020-07-05 00:00:00+00:00,gbpusd,1.24749,1.24786,1.24698,1.24765
2020-07-06 00:00:00+00:00,gbpusd,1.2495,1.25198,1.2474,1.24744
2020-07-07 00:00:00+00:00,gbpusd,1.25408,1.25904,1.24629,1.24939
2020-07-08 00:00:00+00:00,gbpusd,1.26131,1.26228,1.2509,1.25414
2020-07-09 00:00:00+00:00,gbpusd,1.26045,1.26691,1.25986,1.26129
2020-07-10 00:00:00+00:00,gbpusd,1.26228,1.26626,1.25675,1.26064
2020-07-12 00:00:00+00:00,gbpusd,1.26263,1.26377,1.26258,1.26298
2020-07-13 00:00:00+00:00,gbpusd,1.25519,1.26663,1.2551,1.26263
2020-07-14 00:00:00+00:00,gbpusd,1.25689,1.25745,1.24806,1.25526
2020-07-15 00:00:00+00:00,gbpusd,1.25908,1.26494,1.25638,1.25689
2020-07-16 00:00:00+00:00,gbpusd,1.25586,1.26242,1.25207,1.25899
2020-07-17 00:00:00+00:00,gbpusd,1.25672,1.25739,1.2512,1.25594
2020-07-19 00:00:00+00:00,gbpusd,1.25705,1.25728,1.25591,1.25601
2020-07-20 00:00:00+00:00,gbpusd,1.26618,1.26647,1.251845,1.25706
2020-07-21 00:00:00+00:00,gbpusd,1.27313,1.27671,1.26509,1.26615
2020-07-22 00:00:00+00:00,gbpusd,1.27282,1.27433,1.26441,1.27324
2020-07-23 00:00:00+00:00,gbpusd,1.27299,1.27597,1.26733,1.27274
2020-07-24 00:00:00+00:00,gbpusd,1.27936,1.28032,1.27174,1.27299
2020-07-26 00:00:00+00:00,gbpusd,1.27945,1.28017,1.27854,1.27866
2020-07-27 00:00:00+00:00,gbpusd,1.28882,1.29019,1.27946,1.27946
2020-07-28 00:00:00+00:00,gbpusd,1.29299,1.29471,1.28396,1.28883
2020-07-29 00:00:00+00:00,gbpusd,1.29317,1.29529,1.29306,1.29306
2020-07-30 00:00:00+00:00,gbpusd,1.31154,1.31203,1.29317,1.29317
2020-07-31 00:00:00+00:00,gbpusd,1.30851,1.31693,1.30713,1.31142
2020-08-02 00:00:00+00:00,gbpusd,1.31009,1.31049,1.30715,1.30813
2020-08-03 00:00:00+00:00,gbpusd,1.30782,1.31119,1.30062,1.31007
2020-08-04 00:00:00+00:00,gbpusd,1.30851,1.31075,1.29815,1.30776
2020-08-05 00:00:00+00:00,gbpusd,1.31255,1.31609,1.30581,1.30837
2020-08-06 00:00:00+00:00,gbpusd,1.31362,1.31856,1.31197,1.31251
2020-08-07 00:00:00+00:00,gbpusd,1.30512,1.31464,1.30109,1.31375
2020-08-09 00:00:00+00:00,gbpusd,1.30508,1.30649,1.30423,1.30616
2020-08-10 00:00:00+00:00,gbpusd,1.30765,1.30977,1.30199,1.30518
2020-08-11 00:00:00+00:00,gbpusd,1.30516,1.31311,1.30424,1.30766
2020-08-12 00:00:00+00:00,gbpusd,1.30456,1.30677,1.30065,1.30518
2020-08-13 00:00:00+00:00,gbpusd,1.30692,1.31224,1.30441,1.30471
2020-08-14 00:00:00+00:00,gbpusd,1.30852,1.31424,1.30492,1.30694
2020-08-16 00:00:00+00:00,gbpusd,1.31054,1.31066,1.3094,1.3097
2020-08-17 00:00:00+00:00,gbpusd,1.31065,1.31212,1.30744,1.31052
2020-08-18 00:00:00+00:00,gbpusd,1.32529,1.32546,1.31059,1.31066
2020-08-19 00:00:00+00:00,gbpusd,1.31094,1.32651,1.30943,1.32529
2020-08-20 00:00:00+00:00,gbpusd,1.32189,1.32239,1.30652,1.31102
2020-08-21 00:00:00+00:00,gbpusd,1.30901,1.32525,1.30626,1.3219
2020-08-23 00:00:00+00:00,gbpusd,1.3092,1.31012,1.30891,1.30894
2020-08-24 00:00:00+00:00,gbpusd,1.3071,1.31483,1.30538,1.30928
2020-08-25 00:00:00+00:00,gbpusd,1.31502,1.31581,1.3059,1.30723
2020-08-26 00:00:00+00:00,gbpusd,1.3219,1.32199,1.31176,1.31498
2020-08-27 00:00:00+00:00,gbpusd,1.31995,1.32838,1.31614,1.32198
2020-08-28 00:00:00+00:00,gbpusd,1.33516,1.33554,1.3187,1.31985
2020-08-30 00:00:00+00:00,gbpusd,1.33556,1.33584,1.33395,1.33503
2020-08-31 00:00:00+00:00,gbpusd,1.33639,1.33935,1.33015,1.33552
2020-09-01 00:00:00+00:00,gbpusd,1.33998,1.3482,1.33567,1.33651
2020-09-02 00:00:00+00:00,gbpusd,1.33482,1.34006,1.3284,1.33999
2020-09-03 00:00:00+00:00,gbpusd,1.32631,1.33482,1.32432,1.33482
2020-09-04 00:00:00+00:00,gbpusd,1.32777,1.3319,1.31761,1.32639
2020-09-06 00:00:00+00:00,gbpusd,1.32456,1.32625,1.324,1.32619
2020-09-07 00:00:00+00:00,gbpusd,1.31609,1.32541,1.3142,1.3247
2020-09-08 00:00:00+00:00,gbpusd,1.29654,1.31658,1.29506,1.31611
2020-09-09 00:00:00+00:00,gbpusd,1.29986,1.30215,1.28865,1.29652
2020-09-10 00:00:00+00:00,gbpusd,1.28073,1.30332,1.27741,1.2998
2020-09-11 00:00:00+00:00,gbpusd,1.27955,1.28593,1.27639,1.281
2020-09-13 00:00:00+00:00,gbpusd,1.28071,1.28121,1.27895,1.27964
2020-09-14 00:00:00+00:00,gbpusd,1.28487,1.29161,1.27969,1.28077
2020-09-15 00:00:00+00:00,gbpusd,1.28842,1.29256,1.28152,1.28489
2020-09-16 00:00:00+00:00,gbpusd,1.29591,1.30064,1.28757,1.28835
2020-09-17 00:00:00+00:00,gbpusd,1.29751,1.29937,1.28655,1.29604
2020-09-18 00:00:00+00:00,gbpusd,1.2916,1.29996,1.29156,1.29758
2020-09-20 00:00:00+00:00,gbpusd,1.29328,1.29385,1.29277,1.2932
2020-09-21 00:00:00+00:00,gbpusd,1.28175,1.29659,1.27765,1.29323
2020-09-22 00:00:00+00:00,gbpusd,1.27424,1.28672,1.27127,1.28164
2020-09-23 00:00:00+00:00,gbpusd,1.27141,1.27769,1.26758,1.27424
2020-09-24 00:00:00+00:00,gbpusd,1.2756,1.27796,1.26922,1.27145
2020-09-25 00:00:00+00:00,gbpusd,1.27462,1.28036,1.26895,1.27548
2020-09-27 00:00:00+00:00,gbpusd,1.27646,1.2771,1.27546,1.27682
2020-09-28 00:00:00+00:00,gbpusd,1.28744,1.29269,1.27561,1.27643
2020-09-29 00:00:00+00:00,gbpusd,1.28651,1.28978,1.2825,1.28728
2020-09-30 00:00:00+00:00,gbpusd,1.29165,1.29417,1.28061,1.2865
2020-10-01 00:00:00+00:00,gbpusd,1.28862,1.29784,1.28216,1.29162
2020-10-02 00:00:00+00:00,gbpusd,1.29363,1.2954,1.28379,1.28856
2020-10-04 00:00:00+00:00,gbpusd,1.29291,1.29325,1.29163,1.29319
2020-10-05 00:00:00+00:00,gbpusd,1.29928,1.29931,1.29012,1.29296
2020-10-06 00:00:00+00:00,gbpusd,1.28836,1.30069,1.28695,1.29929
2020-10-07 00:00:00+00:00,gbpusd,1.29173,1.29295,1.28467,1.2884
2020-10-08 00:00:00+00:00,gbpusd,1.29396,1.29698,1.28931,1.29165
2020-10-09 00:00:00+00:00,gbpusd,1.3039,1.30493,1.29254,1.29396
2020-10-11 00:00:00+00:00,gbpusd,1.30306,1.30379,1.30271,1.30293
2020-10-12 00:00:00+00:00,gbpusd,1.30647,1.30826,1.3006,1.30306
2020-10-13 00:00:00+00:00,gbpusd,1.29347,1.30676,1.29238,1.30647
2020-10-14 00:00:00+00:00,gbpusd,1.30119,1.30627,1.28641,1.29348
2020-10-15 00:00:00+00:00,gbpusd,1.29036,1.30294,1.28912,1.30114
2020-10-16 00:00:00+00:00,gbpusd,1.29176,1.29616,1.28689,1.2903
2020-10-18 00:00:00+00:00,gbpusd,1.29261,1.29285,1.2901,1.2901
2020-10-19 00:00:00+00:00,gbpusd,1.29478,1.30238,1.29237,1.29261
2020-10-20 00:00:00+00:00,gbpusd,1.29563,1.29787,1.29117,1.29472
2020-10-21 00:00:00+00:00,gbpusd,1.31293,1.31752,1.29544,1.29563
2020-10-22 00:00:00+00:00,gbpusd,1.30781,1.31491,1.30708,1.31291
2020-10-23 00:00:00+00:00,gbpusd,1.30407,1.31218,1.30201,1.30781
2020-10-25 00:00:00+00:00,gbpusd,1.30538,1.30583,1.30408,1.30496
2020-10-26 00:00:00+00:00,gbpusd,1.30156,1.30741,1.29936,1.30534
2020-10-27 00:00:00+00:00,gbpusd,1.30306,1.30796,1.30015,1.30156
2020-10-28 00:00:00+00:00,gbpusd,1.29892,1.30633,1.29173,1.30306
2020-10-29 00:00:00+00:00,gbpusd,1.29312,1.30247,1.28815,1.29891
2020-10-30 00:00:00+00:00,gbpusd,1.29516,1.29881,1.28995,1.29313
2020-11-01 00:00:00+00:00,gbpusd,1.292575,1.293885,1.292115,1.293205
2020-11-02 00:00:00+00:00,gbpusd,1.2922,1.294295,1.285545,1.292635
2020-11-03 00:00:00+00:00,gbpusd,1.311905,1.312885,1.291555,1.292195
2020-11-04 00:00:00+00:00,gbpusd,1.296635,1.314015,1.289335,1.312035
2020-11-05 00:00:00+00:00,gbpusd,1.313855,1.31571,1.294055,1.296575
2020-11-06 00:00:00+00:00,gbpusd,1.31533,1.317685,1.309255,1.313725
2020-11-08 00:00:00+00:00,gbpusd,1.317915,1.31823,1.31535,1.31555
2020-11-09 00:00:00+00:00,gbpusd,1.316895,1.32083,1.3119,1.317855
2020-11-10 00:00:00+00:00,gbpusd,1.326065,1.34108,1.315745,1.316885
2020-11-11 00:00:00+00:00,gbpusd,1.32236,1.34501,1.319225,1.32618
2020-11-12 00:00:00+00:00,gbpusd,1.315725,1.322815,1.314975,1.32237
2020-11-13 00:00:00+00:00,gbpusd,1.319715,1.32004,1.315135,1.315725
2020-11-16 00:00:00+00:00,gbpusd,1.32213,1.32425,1.317955,1.321655
2020-11-17 00:00:00+00:00,gbpusd,1.325675,1.32721,1.319455,1.32215
2020-11-18 00:00:00+00:00,gbpusd,1.325315,1.33661,1.324425,1.325675
2020-11-19 00:00:00+00:00,gbpusd,1.3248,1.327935,1.31977,1.325185
2020-11-20 00:00:00+00:00,gbpusd,1.32878,1.329575,1.324775,1.324775
2020-11-22 00:00:00+00:00,gbpusd,1.33035,1.33049,1.32928,1.32944
2020-11-23 00:00:00+00:00,gbpusd,1.33267,1.33976,1.32648,1.33035
2020-11-24 00:00:00+00:00,gbpusd,1.33619,1.33802,1.31323,1.33267
2020-11-25 00:00:00+00:00,gbpusd,1.33837,1.33934,1.31421,1.33619
2020-11-26 00:00:00+00:00,gbpusd,1.33535,1.33979,1.313175,1.33837
2020-11-27 00:00:00+00:00,gbpusd,1.3314,1.33811,1.32908,1.33538
2020-11-29 00:00:00+00:00,gbpusd,1.33317,1.33347,1.33222,1.3324
2020-11-30 00:00:00+00:00,gbpusd,1.33357,1.3456,1.311485,1.33316
2020-12-01 00:00:00+00:00,gbpusd,1.34218,1.34399,1.316245,1.33366
2020-12-02 00:00:00+00:00,gbpusd,1.33686,1.34412,1.313655,1.34219
2020-12-03 00:00:00+00:00,gbpusd,1.34493,1.34999,1.31786,1.33686
2020-12-04 00:00:00+00:00,gbpusd,1.3438,1.35387,1.34152,1.34512
2020-12-06 00:00:00+00:00,gbpusd,1.34156,1.34218,1.34126,1.34135
2020-12-07 00:00:00+00:00,gbpusd,1.33559,1.34365,1.3144,1.3415
2020-12-08 00:00:00+00:00,gbpusd,1.33652,1.33866,1.323865,1.33546
2020-12-09 00:00:00+00:00,gbpusd,1.3366,1.34775,1.32542,1.3365
2020-12-10 00:00:00+00:00,gbpusd,1.33023,1.33895,1.320935,1.33657
2020-12-11 00:00:00+00:00,gbpusd,1.32334,1.33246,1.31364,1.33023
2020-12-13 00:00:00+00:00,gbpusd,1.33174,1.33457,1.33158,1.33432
2020-12-14 00:00:00+00:00,gbpusd,1.33258,1.34444,1.32733,1.33169
2020-12-15 00:00:00+00:00,gbpusd,1.34464,1.34693,1.32821,1.3325
2020-12-16 00:00:00+00:00,gbpusd,1.35024,1.35507,1.33641,1.3447
2020-12-17 00:00:00+00:00,gbpusd,1.3579,1.36243,1.335405,1.35015
2020-12-18 00:00:00+00:00,gbpusd,1.332135,1.35719,1.332135,1.35712
2020-12-20 00:00:00+00:00,gbpusd,1.34014,1.34423,1.3396,1.34359
2020-12-21 00:00:00+00:00,gbpusd,1.336425,1.34093,1.32034,1.34008
2020-12-22 00:00:00+00:00,gbpusd,1.34018,1.34495,1.329,1.33645
2020-12-23 00:00:00+00:00,gbpusd,1.35132,1.35689,1.332075,1.34013
2020-12-24 00:00:00+00:00,gbpusd,1.338435,1.36193,1.338435,1.35132
2020-12-25 00:00:00+00:00,gbpusd,1.338435,1.338435,1.338435,1.338435
2020-12-27 00:00:00+00:00,gbpusd,1.35701,1.35728,1.35464,1.35511
2020-12-28 00:00:00+00:00,gbpusd,1.34652,1.3575,1.33372,1.3572
2020-12-29 00:00:00+00:00,gbpusd,1.34976,1.3523,1.336075,1.34648
2020-12-30 00:00:00+00:00,gbpusd,1.36294,1.36298,1.342175,1.34977
2020-12-31 00:00:00+00:00,gbpusd,1.344655,1.36856,1.344655,1.36295
2021-01-01 00:00:00+00:00,gbpusd,1.344655,1.344655,1.344655,1.344655
2021-01-03 00:00:00+00:00,gbpusd,1.36809,1.36835,1.36558,1.36579
2021-01-04 00:00:00+00:00,gbpusd,1.35713,1.38398,1.334765,1.36821
2021-01-05 00:00:00+00:00,gbpusd,1.36271,1.36411,1.3375,1.35712
2021-01-06 00:00:00+00:00,gbpusd,1.3624,1.36708,1.33656,1.36271
2021-01-07 00:00:00+00:00,gbpusd,1.3569,1.36333,1.33442,1.36241
2021-01-08 00:00:00+00:00,gbpusd,1.35656,1.36358,1.35395,1.35677
2021-01-10 00:00:00+00:00,gbpusd,1.35191,1.35679,1.33435,1.334395
2021-01-11 00:00:00+00:00,gbpusd,1.35236,1.3535,1.33192,1.35191
2021-01-12 00:00:00+00:00,gbpusd,1.36675,1.367,1.33941,1.35243
2021-01-13 00:00:00+00:00,gbpusd,1.36477,1.388085,1.33805,1.36677
2021-01-14 00:00:00+00:00,gbpusd,1.36831,1.37093,1.36167,1.36474
2021-01-15 00:00:00+00:00,gbpusd,1.35836,1.36981,1.35729,1.36825
2021-01-17 00:00:00+00:00,gbpusd,1.35699,1.35986,1.35699,1.35887
2021-01-18 00:00:00+00:00,gbpusd,1.35823,1.35897,1.35205,1.35707
2021-01-19 00:00:00+00:00,gbpusd,1.36436,1.3647,1.35818,1.35827
2021-01-20 00:00:00+00:00,gbpusd,1.36673,1.37165,1.36241,1.36436
2021-01-21 00:00:00+00:00,gbpusd,1.37288,1.37458,1.36595,1.36668
2021-01-22 00:00:00+00:00,gbpusd,1.3683,1.37359,1.36373,1.37288
2021-01-24 00:00:00+00:00,gbpusd,1.36857,1.36912,1.36788,1.36838
2021-01-25 00:00:00+00:00,gbpusd,1.36768,1.37233,1.36493,1.36857
2021-01-26 00:00:00+00:00,gbpusd,1.37412,1.37443,1.36103,1.36768
2021-01-27 00:00:00+00:00,gbpusd,1.36709,1.37589,1.36598,1.37414
2021-01-28 00:00:00+00:00,gbpusd,1.37247,1.37457,1.36308,1.36713
2021-01-29 00:00:00+00:00,gbpusd,1.37019,1.37513,1.36632,1.37247
2021-01-31 00:00:00+00:00,gbpusd,1.36977,1.37077,1.36948,1.37053
2021-02-01 00:00:00+00:00,gbpusd,1.36759,1.37579,1.36572,1.36977
2021-02-02 00:00:00+00:00,gbpusd,1.36593,1.37104,1.36122,1.36751
2021-02-03 00:00:00+00:00,gbpusd,1.36498,1.38643,1.36196,1.36593
2021-02-04 00:00:00+00:00,gbpusd,1.36722,1.36976,1.35669,1.36498
2021-02-05 00:00:00+00:00,gbpusd,1.37359,1.374,1.36666,1.36722
2021-02-07 00:00:00+00:00,gbpusd,1.37381,1.374,1.37255,1.37282
2021-02-08 00:00:00+00:00,gbpusd,1.37564,1.37575,1.36822,1.37381
2021-02-09 00:00:00+00:00,gbpusd,1.38156,1.38202,1.37489,1.3757
2021-02-10 00:00:00+00:00,gbpusd,1.38308,1.38662,1.38027,1.38157
2021-02-11 00:00:00+00:00,gbpusd,1.38114,1.3831,1.38016,1.38309
2021-02-12 00:00:00+00:00,gbpusd,1.38533,1.38626,1.37759,1.38115
2021-02-14 00:00:00+00:00,gbpusd,1.38691,1.3871,1.38508,1.38534
2021-02-15 00:00:00+00:00,gbpusd,1.39141,1.39192,1.38658,1.38692
2021-02-16 00:00:00+00:00,gbpusd,1.38854,1.39518,1.38694,1.3914
2021-02-17 00:00:00+00:00,gbpusd,1.38662,1.39039,1.38297,1.38853
2021-02-18 00:00:00+00:00,gbpusd,1.39675,1.39862,1.38399,1.38661
2021-02-19 00:00:00+00:00,gbpusd,1.40093,1.40357,1.39516,1.39674
2021-02-21 00:00:00+00:00,gbpusd,1.40275,1.40316,1.40067,1.40183
2021-02-22 00:00:00+00:00,gbpusd,1.40679,1.40868,1.39808,1.40276
2021-02-23 00:00:00+00:00,gbpusd,1.41193,1.41208,1.40546,1.40678
2021-02-24 00:00:00+00:00,gbpusd,1.41466,1.42406,1.40824,1.41194
2021-02-25 00:00:00+00:00,gbpusd,1.40038,1.4182,1.40005,1.41465
2021-02-26 00:00:00+00:00,gbpusd,1.3925,1.40219,1.38883,1.40037
2021-02-28 00:00:00+00:00,gbpusd,1.3974,1.39797,1.39309,1.39341
2021-03-01 00:00:00+00:00,gbpusd,1.39291,1.39992,1.39042,1.39741
2021-03-02 00:00:00+00:00,gbpusd,1.39542,1.3977,1.38592,1.3929
2021-03-03 00:00:00+00:00,gbpusd,1.39213,1.40062,1.39209,1.39543
2021-03-04 00:00:00+00:00,gbpusd,1.38937,1.40172,1.38805,1.39214
2021-03-05 00:00:00+00:00,gbpusd,1.38426,1.39067,1.37792,1.38936
2021-03-07 00:00:00+00:00,gbpusd,1.3851,1.38656,1.38126,1.38126
2021-03-08 00:00:00+00:00,gbpusd,1.38219,1.38593,1.38004,1.38511
2021-03-09 00:00:00+00:00,gbpusd,1.38875,1.39255,1.3802,1.3822
2021-03-10 00:00:00+00:00,gbpusd,1.39304,1.39383,1.38457,1.38874
2021-03-11 00:00:00+00:00,gbpusd,1.39879,1.39955,1.3919,1.39303
2021-03-12 00:00:00+00:00,gbpusd,1.3923,1.4005,1.38636,1.39878
2021-03-14 00:00:00+00:00,gbpusd,1.39299,1.39321,1.39178,1.39198
2021-03-15 00:00:00+00:00,gbpusd,1.38985,1.39498,1.38532,1.393
2021-03-16 00:00:00+00:00,gbpusd,1.39024,1.39063,1.38093,1.38986
2021-03-17 00:00:00+00:00,gbpusd,1.39756,1.39763,1.38512,1.39023
2021-03-18 00:00:00+00:00,gbpusd,1.39245,1.40017,1.38975,1.39756
2021-03-19 00:00:00+00:00,gbpusd,1.38677,1.39594,1.38306,1.39241
2021-03-21 00:00:00+00:00,gbpusd,1.38336,1.38496,1.38297,1.38414
2021-03-22 00:00:00+00:00,gbpusd,1.38593,1.3877,1.3818,1.38337
2021-03-23 00:00:00+00:00,gbpusd,1.37315,1.38625,1.3724,1.38594
2021-03-24 00:00:00+00:00,gbpusd,1.36886,1.37429,1.36742,1.37314
2021-03-25 00:00:00+00:00,gbpusd,1.37467,1.37485,1.36705,1.36887
2021-03-26 00:00:00+00:00,gbpusd,1.37905,1.38127,1.37422,1.3747
2021-03-28 00:00:00+00:00,gbpusd,1.37905,1.37989,1.37838,1.37877
2021-03-29 00:00:00+00:00,gbpusd,1.37745,1.3847,1.37554,1.37904
2021-03-30 00:00:00+00:00,gbpusd,1.37461,1.37835,1.37063,1.37745
2021-03-31 00:00:00+00:00,gbpusd,1.37858,1.38122,1.37178,1.3746
2021-04-01 00:00:00+00:00,gbpusd,1.38338,1.38379,1.37462,1.37857
2021-04-02 00:00:00+00:00,gbpusd,1.38309,1.38526,1.38128,1.38339
2021-04-04 00:00:00+00:00,gbpusd,1.38305,1.38322,1.38177,1.382615
2021-04-05 00:00:00+00:00,gbpusd,1.39127,1.39155,1.38132,1.38304
2021-04-06 00:00:00+00:00,gbpusd,1.38303,1.39188,1.38021,1.39125
2021-04-07 00:00:00+00:00,gbpusd,1.37417,1.38401,1.37246,1.38304
2021-04-08 00:00:00+00:00,gbpusd,1.37337,1.37826,1.37186,1.37416
2021-04-09 00:00:00+00:00,gbpusd,1.3708,1.37508,1.36704,1.37338
2021-04-11 00:00:00+00:00,gbpusd,1.37077,1.37156,1.37011,1.37105
2021-04-12 00:00:00+00:00,gbpusd,1.37538,1.37769,1.36693,1.37076
2021-04-13 00:00:00+00:00,gbpusd,1.37592,1.3769,1.36945,1.37537
2021-04-14 00:00:00+00:00,gbpusd,1.37781,1.38087,1.375,1.37593
2021-04-15 00:00:00+00:00,gbpusd,1.37836,1.3809,1.37616,1.37779
2021-04-16 00:00:00+00:00,gbpusd,1.38358,1.38457,1.37161,1.37835
2021-04-18 00:00:00+00:00,gbpusd,1.38177,1.38375,1.38174,1.38345
2021-04-19 00:00:00+00:00,gbpusd,1.39916,1.3993,1.38099,1.38178
2021-04-20 00:00:00+00:00,gbpusd,1.3938,1.40093,1.39264,1.39917
2021-04-21 00:00:00+00:00,gbpusd,1.39313,1.39498,1.38857,1.39381
2021-04-22 00:00:00+00:00,gbpusd,1.3839,1.39497,1.38237,1.39312
2021-04-23 00:00:00+00:00,gbpusd,1.38784,1.38955,1.38358,1.38389
2021-04-25 00:00:00+00:00,gbpusd,1.3865,1.38813,1.38647,1.38759
2021-04-26 00:00:00+00:00,gbpusd,1.38949,1.39295,1.38651,1.38651
2021-04-27 00:00:00+00:00,gbpusd,1.3903,1.39241,1.38588,1.38948
2021-04-28 00:00:00+00:00,gbpusd,1.39544,1.39565,1.38611,1.39031
2021-04-29 00:00:00+00:00,gbpusd,1.39503,1.39767,1.39323,1.39545
2021-04-30 00:00:00+00:00,gbpusd,1.38172,1.39585,1.38034,1.39504
2021-05-02 00:00:00+00:00,gbpusd,1.38188,1.38228,1.38117,1.38148
2021-05-03 00:00:00+00:00,gbpusd,1.39032,1.39319,1.3801,1.38189
2021-05-04 00:00:00+00:00,gbpusd,1.38875,1.39054,1.38386,1.39031
2021-05-05 00:00:00+00:00,gbpusd,1.3909,1.39265,1.38764,1.38876
2021-05-06 00:00:00+00:00,gbpusd,1.38956,1.39407,1.38583,1.39089
2021-05-07 00:00:00+00:00,gbpusd,1.39961,1.40058,1.38903,1.38955
2021-05-09 00:00:00+00:00,gbpusd,1.40406,1.40445,1.39972,1.40055
2021-05-10 00:00:00+00:00,gbpusd,1.41308,1.41585,1.40152,1.40404
2021-05-11 00:00:00+00:00,gbpusd,1.41356,1.41667,1.41043,1.41309
2021-05-12 00:00:00+00:00,gbpusd,1.40624,1.41425,1.40579,1.41355
2021-05-13 00:00:00+00:00,gbpusd,1.40463,1.40782,1.40057,1.40625
2021-05-14 00:00:00+00:00,gbpusd,1.41009,1.41102,1.40363,1.40464
2021-05-16 00:00:00+00:00,gbpusd,1.41011,1.41046,1.40953,1.41006
2021-05-17 00:00:00+00:00,gbpusd,1.4148,1.4148,1.40773,1.4101
2021-05-18 00:00:00+00:00,gbpusd,1.41875,1.42204,1.41457,1.41478
2021-05-19 00:00:00+00:00,gbpusd,1.41073,1.42011,1.40995,1.41876
2021-05-20 00:00:00+00:00,gbpusd,1.41848,1.41943,1.41014,1.41072
2021-05-21 00:00:00+00:00,gbpusd,1.41534,1.4234,1.41407,1.41849
2021-05-23 00:00:00+00:00,gbpusd,1.41402,1.41623,1.41393,1.41584
2021-05-24 00:00:00+00:00,gbpusd,1.41554,1.41719,1.41116,1.41403
2021-05-25 00:00:00+00:00,gbpusd,1.41428,1.4211,1.41157,1.41553
2021-05-26 00:00:00+00:00,gbpusd,1.41154,1.41761,1.41124,1.41429
2021-05-27 00:00:00+00:00,gbpusd,1.42033,1.42192,1.40918,1.41152
2021-05-28 00:00:00+00:00,gbpusd,1.41872,1.4206,1.41364,1.42032
2021-05-30 00:00:00+00:00,gbpusd,1.41796,1.41941,1.41795,1.41858
2021-05-31 00:00:00+00:00,gbpusd,1.41836,1.42007,1.4164,1.41795
2021-06-01 00:00:00+00:00,gbpusd,1.41556,1.4247,1.41457,1.42425
2021-06-02 00:00:00+00:00,gbpusd,1.41712,1.41834,1.41118,1.41557
2021-06-03 00:00:00+00:00,gbpusd,1.41081,1.42032,1.40867,1.41711
2021-06-04 00:00:00+00:00,gbpusd,1.41584,1.42004,1.40835,1.41082
2021-06-07 00:00:00+00:00,gbpusd,1.41757,1.41911,1.41114,1.41417
2021-06-08 00:00:00+00:00,gbpusd,1.41493,1.41846,1.41211,1.41758
2021-06-09 00:00:00+00:00,gbpusd,1.41113,1.41891,1.41101,1.41492
2021-06-10 00:00:00+00:00,gbpusd,1.41705,1.41783,1.40734,1.41112
2021-06-11 00:00:00+00:00,gbpusd,1.41108,1.41854,1.40959,1.41706
2021-06-13 00:00:00+00:00,gbpusd,1.41176,1.41192,1.41051,1.4108
2021-06-14 00:00:00+00:00,gbpusd,1.41097,1.4124,1.40704,1.41177
2021-06-15 00:00:00+00:00,gbpusd,1.4081,1.4129,1.40344,1.41098
2021-06-16 00:00:00+00:00,gbpusd,1.39892,1.41328,1.39827,1.40809
2021-06-17 00:00:00+00:00,gbpusd,1.39381,1.40088,1.3896,1.39891
2021-06-18 00:00:00+00:00,gbpusd,1.38031,1.39447,1.37923,1.3938
2021-06-20 00:00:00+00:00,gbpusd,1.38166,1.38235,1.37964,1.38101
2021-06-21 00:00:00+00:00,gbpusd,1.39245,1.39371,1.37867,1.38167
2021-06-22 00:00:00+00:00,gbpusd,1.39495,1.39637,1.38604,1.39244
2021-06-23 00:00:00+00:00,gbpusd,1.3967,1.40015,1.3924,1.39494
2021-06-24 00:00:00+00:00,gbpusd,1.39163,1.39867,1.38898,1.39669
2021-06-25 00:00:00+00:00,gbpusd,1.38857,1.39356,1.38715,1.39162
2021-06-27 00:00:00+00:00,gbpusd,1.38933,1.38963,1.38787,1.38938
2021-06-28 00:00:00+00:00,gbpusd,1.38787,1.39398,1.3871,1.38934
2021-06-29 00:00:00+00:00,gbpusd,1.38404,1.38808,1.38144,1.38786
2021-06-30 00:00:00+00:00,gbpusd,1.38286,1.38731,1.37987,1.38403
2021-07-01 00:00:00+00:00,gbpusd,1.37592,1.38343,1.37519,1.38287
2021-07-02 00:00:00+00:00,gbpusd,1.38299,1.38447,1.37341,1.37591
2021-07-05 00:00:00+00:00,gbpusd,1.38534,1.3862,1.38185,1.38235
2021-07-06 00:00:00+00:00,gbpusd,1.38042,1.38985,1.37731,1.3853
2021-07-07 00:00:00+00:00,gbpusd,1.37998,1.3842,1.3754,1.38043
2021-07-08 00:00:00+00:00,gbpusd,1.37899,1.38022,1.37419,1.37999
2021-07-09 00:00:00+00:00,gbpusd,1.39091,1.39091,1.37558,1.379
2021-07-11 00:00:00+00:00,gbpusd,1.38988,1.39016,1.38888,1.38967
2021-07-12 00:00:00+00:00,gbpusd,1.38865,1.39104,1.38391,1.38986
2021-07-13 00:00:00+00:00,gbpusd,1.38976,1.39052,1.38832,1.38867
2021-07-14 00:00:00+00:00,gbpusd,1.38565,1.38921,1.38016,1.38056
2021-07-15 00:00:00+00:00,gbpusd,1.38282,1.38991,1.38051,1.38566
2021-07-16 00:00:00+00:00,gbpusd,1.37679,1.38622,1.37609,1.38281
2021-07-18 00:00:00+00:00,gbpusd,1.37635,1.37776,1.37575,1.3774
2021-07-19 00:00:00+00:00,gbpusd,1.36691,1.37635,1.36548,1.37634
2021-07-20 00:00:00+00:00,gbpusd,1.36345,1.36896,1.35721,1.3669
2021-07-21 00:00:00+00:00,gbpusd,1.37121,1.37232,1.35922,1.36344
2021-07-22 00:00:00+00:00,gbpusd,1.37729,1.37872,1.36906,1.3712
2021-07-23 00:00:00+00:00,gbpusd,1.37499,1.37803,1.37202,1.37728
2021-07-25 00:00:00+00:00,gbpusd,1.37571,1.37645,1.37506,1.37596
2021-07-26 00:00:00+00:00,gbpusd,1.38263,1.38336,1.37372,1.37572
2021-07-27 00:00:00+00:00,gbpusd,1.38822,1.38944,1.37669,1.38262
2021-07-28 00:00:00+00:00,gbpusd,1.3906,1.3911,1.38448,1.38821
2021-07-29 00:00:00+00:00,gbpusd,1.39639,1.39821,1.38983,1.39061
2021-07-30 00:00:00+00:00,gbpusd,1.39005,1.39835,1.38883,1.39638
2021-08-01 00:00:00+00:00,gbpusd,1.38958,1.39077,1.38938,1.38996
2021-08-02 00:00:00+00:00,gbpusd,1.3891,1.39327,1.3876,1.38959
2021-08-03 00:00:00+00:00,gbpusd,1.39172,1.3925,1.38872,1.38909
2021-08-04 00:00:00+00:00,gbpusd,1.38897,1.39579,1.38856,1.39171
2021-08-05 00:00:00+00:00,gbpusd,1.39276,1.39491,1.38725,1.38898
2021-08-06 00:00:00+00:00,gbpusd,1.38732,1.39332,1.38614,1.39277
2021-08-08 00:00:00+00:00,gbpusd,1.38634,1.38839,1.38584,1.38769
2021-08-09 00:00:00+00:00,gbpusd,1.38469,1.38945,1.38412,1.38633
2021-08-10 00:00:00+00:00,gbpusd,1.38613,1.38726,1.38363,1.38468
2021-08-11 00:00:00+00:00,gbpusd,1.38665,1.38881,1.38123,1.38136
2021-08-12 00:00:00+00:00,gbpusd,1.38111,1.38787,1.3795,1.38664
2021-08-13 00:00:00+00:00,gbpusd,1.38693,1.38751,1.37909,1.38112
2021-08-15 00:00:00+00:00,gbpusd,1.38642,1.38736,1.38569,1.3865
2021-08-16 00:00:00+00:00,gbpusd,1.38409,1.38786,1.3828,1.38642
2021-08-17 00:00:00+00:00,gbpusd,1.37402,1.38411,1.37263,1.38408
2021-08-18 00:00:00+00:00,gbpusd,1.37432,1.37866,1.37316,1.37401
2021-08-19 00:00:00+00:00,gbpusd,1.36303,1.375,1.36282,1.37433
2021-08-20 00:00:00+00:00,gbpusd,1.36255,1.36412,1.36023,1.36308
2021-08-22 00:00:00+00:00,gbpusd,1.36247,1.36313,1.36144,1.36226
2021-08-23 00:00:00+00:00,gbpusd,1.37236,1.37323,1.36246,1.36248
2021-08-24 00:00:00+00:00,gbpusd,1.37249,1.3748,1.3694,1.37233
2021-08-25 00:00:00+00:00,gbpusd,1.37645,1.3767,1.36968,1.3725
2021-08-26 00:00:00+00:00,gbpusd,1.37004,1.37681,1.36896,1.37644
2021-08-27 00:00:00+00:00,gbpusd,1.3763,1.37803,1.36801,1.37003
2021-08-29 00:00:00+00:00,gbpusd,1.37628,1.37662,1.37526,1.3761
2021-08-30 00:00:00+00:00,gbpusd,1.3759,1.37754,1.3734,1.37627
2021-08-31 00:00:00+00:00,gbpusd,1.37524,1.38079,1.3743,1.37589
2021-09-01 00:00:00+00:00,gbpusd,1.37714,1.37985,1.37314,1.37525
2021-09-02 00:00:00+00:00,gbpusd,1.38364,1.38399,1.37675,1.37715
2021-09-03 00:00:00+00:00,gbpusd,1.38677,1.38919,1.38182,1.38365
2021-09-05 00:00:00+00:00,gbpusd,1.38578,1.3869,1.38574,1.38636
2021-09-06 00:00:00+00:00,gbpusd,1.38388,1.38598,1.38188,1.38579
2021-09-07 00:00:00+00:00,gbpusd,1.37793,1.38567,1.3768,1.38391
2021-09-08 00:00:00+00:00,gbpusd,1.3767,1.37906,1.37267,1.37792
2021-09-09 00:00:00+00:00,gbpusd,1.38385,1.38629,1.37537,1.37669
2021-09-10 00:00:00+00:00,gbpusd,1.38409,1.38887,1.38271,1.38386
2021-09-12 00:00:00+00:00,gbpusd,1.3839,1.38528,1.38332,1.38418
2021-09-13 00:00:00+00:00,gbpusd,1.38376,1.38513,1.37973,1.38391
2021-09-14 00:00:00+00:00,gbpusd,1.3808,1.39132,1.38037,1.38377
2021-09-15 00:00:00+00:00,gbpusd,1.38485,1.3854,1.37929,1.38081
2021-09-16 00:00:00+00:00,gbpusd,1.3798,1.38497,1.37647,1.38484
2021-09-17 00:00:00+00:00,gbpusd,1.3737,1.3813,1.37279,1.37979
2021-09-19 00:00:00+00:00,gbpusd,1.37289,1.37523,1.37245,1.37401
2021-09-20 00:00:00+00:00,gbpusd,1.36622,1.37303,1.36409,1.37287
2021-09-21 00:00:00+00:00,gbpusd,1.36576,1.36931,1.36415,1.36623
2021-09-22 00:00:00+00:00,gbpusd,1.36163,1.36897,1.36096,1.36575
2021-09-23 00:00:00+00:00,gbpusd,1.37211,1.37509,1.36124,1.36166
2021-09-24 00:00:00+00:00,gbpusd,1.36774,1.37365,1.36581,1.3721
2021-09-26 00:00:00+00:00,gbpusd,1.36686,1.36759,1.36624,1.36661
2021-09-27 00:00:00+00:00,gbpusd,1.37009,1.37291,1.36583,1.36687
2021-09-28 00:00:00+00:00,gbpusd,1.35417,1.37176,1.35209,1.37008
2021-09-29 00:00:00+00:00,gbpusd,1.34273,1.35548,1.34125,1.35416
2021-09-30 00:00:00+00:00,gbpusd,1.34688,1.35163,1.34158,1.34274
2021-10-01 00:00:00+00:00,gbpusd,1.35455,1.35759,1.34339,1.34687
2021-10-03 00:00:00+00:00,gbpusd,1.35702,1.35758,1.35451,1.35547
2021-10-04 00:00:00+00:00,gbpusd,1.36068,1.36406,1.3532,1.35701
2021-10-05 00:00:00+00:00,gbpusd,1.36264,1.3648,1.35846,1.36069
2021-10-06 00:00:00+00:00,gbpusd,1.35923,1.36314,1.35441,1.36263
2021-10-07 00:00:00+00:00,gbpusd,1.36195,1.36388,1.35707,1.35922
2021-10-08 00:00:00+00:00,gbpusd,1.36147,1.36589,1.35836,1.36192
2021-10-10 00:00:00+00:00,gbpusd,1.36161,1.36273,1.36122,1.36199
2021-10-11 00:00:00+00:00,gbpusd,1.35912,1.3674,1.35846,1.36163
2021-10-12 00:00:00+00:00,gbpusd,1.3577,1.36374,1.35688,1.35915
2021-10-13 00:00:00+00:00,gbpusd,1.36685,1.36693,1.3576,1.35769
2021-10-14 00:00:00+00:00,gbpusd,1.36683,1.37345,1.36585,1.36686
2021-10-15 00:00:00+00:00,gbpusd,1.37498,1.37732,1.36683,1.36684
2021-10-17 00:00:00+00:00,gbpusd,1.37608,1.37653,1.37449,1.37512
2021-10-18 00:00:00+00:00,gbpusd,1.37358,1.37638,1.37092,1.37609
2021-10-19 00:00:00+00:00,gbpusd,1.37925,1.38339,1.37359,1.37359
2021-10-20 00:00:00+00:00,gbpusd,1.38221,1.38347,1.37425,1.37926
2021-10-21 00:00:00+00:00,gbpusd,1.37915,1.38333,1.37764,1.38222
2021-10-22 00:00:00+00:00,gbpusd,1.37552,1.38154,1.37362,1.37914
2021-10-24 00:00:00+00:00,gbpusd,1.37622,1.37651,1.37495,1.37509
2021-10-25 00:00:00+00:00,gbpusd,1.37638,1.37922,1.3742,1.37629
2021-10-26 00:00:00+00:00,gbpusd,1.37657,1.38298,1.3757,1.37641
2021-10-27 00:00:00+00:00,gbpusd,1.3732,1.37811,1.37097,1.37656
2021-10-28 00:00:00+00:00,gbpusd,1.37988,1.38151,1.37224,1.3732
2021-10-29 00:00:00+00:00,gbpusd,1.3676,1.38041,1.36684,1.37989
2021-10-31 00:00:00+00:00,gbpusd,1.36828,1.36897,1.36809,1.368445
2021-11-01 00:00:00+00:00,gbpusd,1.36547,1.36933,1.36422,1.36829
2021-11-02 00:00:00+00:00,gbpusd,1.36164,1.36678,1.36058,1.36548
2021-11-03 00:00:00+00:00,gbpusd,1.36941,1.36985,1.36075,1.36182
2021-11-04 00:00:00+00:00,gbpusd,1.3508,1.36944,1.34712,1.3694
2021-11-05 00:00:00+00:00,gbpusd,1.34977,1.3509,1.34245,1.35079
2021-11-07 00:00:00+00:00,gbpusd,1.34907,1.34984,1.34861,1.34936
2021-11-08 00:00:00+00:00,gbpusd,1.35639,1.358,1.34503,1.34906
2021-11-09 00:00:00+00:00,gbpusd,1.35506,1.35649,1.35485,1.35638
2021-11-10 00:00:00+00:00,gbpusd,1.34122,1.35651,1.34015,1.35521
2021-11-11 00:00:00+00:00,gbpusd,1.3365,1.34333,1.33588,1.34121
2021-11-12 00:00:00+00:00,gbpusd,1.34193,1.34263,1.33535,1.33649
2021-11-14 00:00:00+00:00,gbpusd,1.34163,1.34206,1.34115,1.34157
2021-11-15 00:00:00+00:00,gbpusd,1.34102,1.34496,1.34033,1.34164
2021-11-16 00:00:00+00:00,gbpusd,1.34253,1.3473,1.34103,1.34103
2021-11-17 00:00:00+00:00,gbpusd,1.34886,1.34963,1.33967,1.34254
2021-11-18 00:00:00+00:00,gbpusd,1.3499,1.35136,1.34641,1.34889
2021-11-19 00:00:00+00:00,gbpusd,1.3452,1.35099,1.34077,1.34982
2021-11-21 00:00:00+00:00,gbpusd,1.34332,1.34589,1.34304,1.34562
2021-11-22 00:00:00+00:00,gbpusd,1.34419,1.34489,1.34276,1.34331
